model,split,fold,ckpt,test_loss,test_mae,test_mre,test_r2
alignn,chemsys,mf.chemsys.k0_outer,saved_models/split_json/alignn/chemsys/mf.chemsys.k0_outer-best-mre-epoch=25-val_mre=0.2582.ckpt,0.4346338212490082,0.4992849826812744,0.2581521570682525,0.5645023584365845
alignn,chemsys,mf.chemsys.k1_outer,saved_models/split_json/alignn/chemsys/mf.chemsys.k1_outer-best-mre-epoch=07-val_mre=0.2941.ckpt,0.564219057559967,0.5696493983268738,0.2941257357597351,0.4170888662338257
alignn,chemsys,mf.chemsys.k2_outer,saved_models/split_json/alignn/chemsys/mf.chemsys.k2_outer-best-mre-epoch=22-val_mre=0.3076.ckpt,0.6497303247451782,0.5889118313789368,0.3076400756835937,0.3199371099472046
alignn,chemsys,mf.chemsys.k3_outer,saved_models/split_json/alignn/chemsys/mf.chemsys.k3_outer-best-mre-epoch=47-val_mre=0.2502.ckpt,0.3981648683547973,0.4831150472164154,0.2501602470874786,0.5658208727836609
alignn,chemsys,mf.chemsys.k4_outer,saved_models/split_json/alignn/chemsys/mf.chemsys.k4_outer-best-mre-epoch=28-val_mre=0.2349.ckpt,0.6365697979927063,0.5753865242004395,0.2349115163087844,0.3054230809211731
alignn,chemsys,mf.chemsys.k5_outer,saved_models/split_json/alignn/chemsys/mf.chemsys.k5_outer-best-mre-epoch=43-val_mre=0.2788.ckpt,0.4716355800628662,0.5343978404998779,0.2788130640983581,0.4356001913547516
alignn,chemsys,mf.chemsys.k6_outer,saved_models/split_json/alignn/chemsys/mf.chemsys.k6_outer-best-mre-epoch=49-val_mre=0.2695.ckpt,0.5635557174682617,0.5230957865715027,0.269456148147583,0.396230399608612
alignn,chemsys,mf.chemsys.k7_outer,saved_models/split_json/alignn/chemsys/mf.chemsys.k7_outer-best-mre-epoch=08-val_mre=0.3515.ckpt,0.8290300965309143,0.6628420948982239,0.3515098094940185,0.2243116647005081
alignn,chemsys,mf.chemsys.k8_outer,saved_models/split_json/alignn/chemsys/mf.chemsys.k8_outer-best-mre-epoch=07-val_mre=0.3231.ckpt,0.6252199411392212,0.5728297233581543,0.3230600357055664,0.3436384797096252
alignn,chemsys,mf.chemsys.k9_outer,saved_models/split_json/alignn/chemsys/mf.chemsys.k9_outer-best-mre-epoch=04-val_mre=0.3043.ckpt,0.6457957029342651,0.5895583033561707,0.3043172061443329,0.4490975141525268
alignn,composition,mf.composition.k0_outer,saved_models/split_json/alignn/composition/mf.composition.k0_outer-best-mre-epoch=18-val_mre=0.2924.ckpt,0.6003933548927307,0.558545708656311,0.2923964560031891,0.40533247590065
alignn,composition,mf.composition.k1_outer,saved_models/split_json/alignn/composition/mf.composition.k1_outer-best-mre-epoch=27-val_mre=0.2678.ckpt,0.5840250849723816,0.5187545418739319,0.2678446471691131,0.3646211326122284
alignn,composition,mf.composition.k2_outer,saved_models/split_json/alignn/composition/mf.composition.k2_outer-best-mre-epoch=07-val_mre=0.2160.ckpt,0.4377251863479614,0.4983805418014526,0.2160392850637436,0.5256907343864441
alignn,composition,mf.composition.k3_outer,saved_models/split_json/alignn/composition/mf.composition.k3_outer-best-mre-epoch=16-val_mre=0.2356.ckpt,0.4039220809936523,0.4775443375110626,0.2356382459402084,0.5854406356811523
alignn,composition,mf.composition.k4_outer,saved_models/split_json/alignn/composition/mf.composition.k4_outer-best-mre-epoch=09-val_mre=0.2916.ckpt,0.5473776459693909,0.5278840065002441,0.2915819585323334,0.4402258396148681
alignn,composition,mf.composition.k5_outer,saved_models/split_json/alignn/composition/mf.composition.k5_outer-best-mre-epoch=10-val_mre=0.2665.ckpt,0.4833726286888122,0.547065019607544,0.2664511501789093,0.5073776245117188
alignn,composition,mf.composition.k6_outer,saved_models/split_json/alignn/composition/mf.composition.k6_outer-best-mre-epoch=32-val_mre=0.3452.ckpt,0.621819019317627,0.5995086431503296,0.3452362418174743,0.4553074240684509
alignn,composition,mf.composition.k7_outer,saved_models/split_json/alignn/composition/mf.composition.k7_outer-best-mre-epoch=15-val_mre=0.3437.ckpt,0.8452678918838501,0.6610908508300781,0.3436920940876007,0.2180489301681518
alignn,composition,mf.composition.k8_outer,saved_models/split_json/alignn/composition/mf.composition.k8_outer-best-mre-epoch=18-val_mre=0.2474.ckpt,0.4603588283061981,0.5193449854850769,0.2473761439323425,0.552608847618103
alignn,composition,mf.composition.k9_outer,saved_models/split_json/alignn/composition/mf.composition.k9_outer-best-mre-epoch=26-val_mre=0.2414.ckpt,0.4747457504272461,0.5374036431312561,0.2414043247699737,0.5871449112892151
alignn,periodictablegroups,mf.periodictablegroups.k0_outer,saved_models/split_json/alignn/periodictablegroups/mf.periodictablegroups.k0_outer-best-mre-epoch=04-val_mre=0.3611.ckpt,0.6406362652778625,0.6087947487831116,0.3611347377300262,0.3442765176296234
alignn,periodictablegroups,mf.periodictablegroups.k1_outer,saved_models/split_json/alignn/periodictablegroups/mf.periodictablegroups.k1_outer-best-mre-epoch=12-val_mre=0.2834.ckpt,0.758891761302948,0.6671718955039978,0.2834018468856811,0.1723467409610748
alignn,periodictablegroups,mf.periodictablegroups.k2_outer,saved_models/split_json/alignn/periodictablegroups/mf.periodictablegroups.k2_outer-best-mre-epoch=23-val_mre=0.2698.ckpt,0.5828949213027954,0.5798429250717163,0.2697837650775909,0.3798956871032715
alignn,periodictablegroups,mf.periodictablegroups.k3_outer,saved_models/split_json/alignn/periodictablegroups/mf.periodictablegroups.k3_outer-best-mre-epoch=18-val_mre=0.2556.ckpt,0.4401297271251678,0.5023406147956848,0.2556383907794952,0.2536440789699554
alignn,periodictablegroups,mf.periodictablegroups.k4_outer,saved_models/split_json/alignn/periodictablegroups/mf.periodictablegroups.k4_outer-best-mre-epoch=19-val_mre=0.3627.ckpt,0.3471528887748718,0.4292356073856354,0.3627004623413086,0.6205227971076965
alignn,periodictablegroups,mf.periodictablegroups.k5_outer,saved_models/split_json/alignn/periodictablegroups/mf.periodictablegroups.k5_outer-best-mre-epoch=18-val_mre=0.3642.ckpt,1.2245383262634275,0.8835803866386414,0.3642456233501434,-0.2747657001018524
alignn,periodictablegroups,mf.periodictablegroups.k6_outer,saved_models/split_json/alignn/periodictablegroups/mf.periodictablegroups.k6_outer-best-mre-epoch=34-val_mre=0.2772.ckpt,0.5884069204330444,0.5795954465866089,0.2772329747676849,0.3724919557571411
alignn,periodictablegroups,mf.periodictablegroups.k7_outer,saved_models/split_json/alignn/periodictablegroups/mf.periodictablegroups.k7_outer-best-mre-epoch=42-val_mre=0.3008.ckpt,0.6715325117111206,0.6330941915512085,0.3008445501327514,0.3224251568317413
alignn,periodictablegroups,mf.periodictablegroups.k8_outer,saved_models/split_json/alignn/periodictablegroups/mf.periodictablegroups.k8_outer-best-mre-epoch=18-val_mre=0.3748.ckpt,1.1267812252044678,0.7881584167480469,0.3747540712356567,-0.1776845008134842
alignn,periodictablegroups,mf.periodictablegroups.k9_outer,saved_models/split_json/alignn/periodictablegroups/mf.periodictablegroups.k9_outer-best-mre-epoch=10-val_mre=0.3120.ckpt,0.4970265328884125,0.5315032601356506,0.3120127618312835,0.5084725618362427
alignn_prop,chemsys,mf.chemsys.k0_outer,saved_models/split_json/alignn_prop/chemsys/mf.chemsys.k0_outer-best-mre-epoch=13-val_mre=0.3067.ckpt,0.5646972060203552,0.5745159387588501,0.3067160546779632,0.4142401218414306
alignn_prop,chemsys,mf.chemsys.k1_outer,saved_models/split_json/alignn_prop/chemsys/mf.chemsys.k1_outer-best-mre-epoch=37-val_mre=0.3244.ckpt,0.541519284248352,0.5526624917984009,0.3243726789951324,0.4203352630138397
alignn_prop,chemsys,mf.chemsys.k2_outer,saved_models/split_json/alignn_prop/chemsys/mf.chemsys.k2_outer-best-mre-epoch=12-val_mre=0.3098.ckpt,0.6498851776123047,0.5795174837112427,0.3098385632038116,0.3268860876560211
alignn_prop,chemsys,mf.chemsys.k3_outer,saved_models/split_json/alignn_prop/chemsys/mf.chemsys.k3_outer-best-mre-epoch=14-val_mre=0.2651.ckpt,0.5304262638092041,0.5623070597648621,0.2651205360889435,0.4344815611839294
alignn_prop,chemsys,mf.chemsys.k4_outer,saved_models/split_json/alignn_prop/chemsys/mf.chemsys.k4_outer-best-mre-epoch=09-val_mre=0.2564.ckpt,0.5541198253631592,0.5538042783737183,0.2564170658588409,0.3882802426815033
alignn_prop,chemsys,mf.chemsys.k5_outer,saved_models/split_json/alignn_prop/chemsys/mf.chemsys.k5_outer-best-mre-epoch=23-val_mre=0.2741.ckpt,0.5015965104103088,0.5303041934967041,0.2741332054138183,0.4048703610897064
alignn_prop,chemsys,mf.chemsys.k6_outer,saved_models/split_json/alignn_prop/chemsys/mf.chemsys.k6_outer-best-mre-epoch=27-val_mre=0.2854.ckpt,0.6457622051239014,0.57352614402771,0.2854355871677398,0.3126513063907623
alignn_prop,chemsys,mf.chemsys.k7_outer,saved_models/split_json/alignn_prop/chemsys/mf.chemsys.k7_outer-best-mre-epoch=30-val_mre=0.2962.ckpt,0.5697162747383118,0.5442426204681396,0.2962470650672912,0.4571103453636169
alignn_prop,chemsys,mf.chemsys.k8_outer,saved_models/split_json/alignn_prop/chemsys/mf.chemsys.k8_outer-best-mre-epoch=10-val_mre=0.3527.ckpt,0.6786282062530518,0.5952490568161011,0.3526966571807861,0.2767888009548187
alignn_prop,chemsys,mf.chemsys.k9_outer,saved_models/split_json/alignn_prop/chemsys/mf.chemsys.k9_outer-best-mre-epoch=09-val_mre=0.3089.ckpt,0.6082444190979004,0.5804291367530823,0.3088757395744324,0.4831463098526001
alignn_prop,composition,mf.composition.k0_outer,saved_models/split_json/alignn_prop/composition/mf.composition.k0_outer-best-mre-epoch=02-val_mre=0.2902.ckpt,0.6280419826507568,0.561286449432373,0.2901608049869537,0.3556694388389587
alignn_prop,composition,mf.composition.k1_outer,saved_models/split_json/alignn_prop/composition/mf.composition.k1_outer-best-mre-epoch=33-val_mre=0.2979.ckpt,0.6396522521972656,0.5986788272857666,0.2978816330432892,0.2853230535984039
alignn_prop,composition,mf.composition.k2_outer,saved_models/split_json/alignn_prop/composition/mf.composition.k2_outer-best-mre-epoch=04-val_mre=0.2285.ckpt,0.4859989881515503,0.5101221203804016,0.228545680642128,0.463740199804306
alignn_prop,composition,mf.composition.k3_outer,saved_models/split_json/alignn_prop/composition/mf.composition.k3_outer-best-mre-epoch=41-val_mre=0.2622.ckpt,0.47906294465065,0.537938117980957,0.262151300907135,0.4841645956039428
alignn_prop,composition,mf.composition.k4_outer,saved_models/split_json/alignn_prop/composition/mf.composition.k4_outer-best-mre-epoch=07-val_mre=0.3009.ckpt,0.760540783405304,0.6705145835876465,0.3008805215358734,0.2579289078712463
alignn_prop,composition,mf.composition.k5_outer,saved_models/split_json/alignn_prop/composition/mf.composition.k5_outer-best-mre-epoch=26-val_mre=0.2705.ckpt,0.4842064380645752,0.5128925442695618,0.2704580128192901,0.5104464888572693
alignn_prop,composition,mf.composition.k6_outer,saved_models/split_json/alignn_prop/composition/mf.composition.k6_outer-best-mre-epoch=10-val_mre=0.3594.ckpt,0.6795027256011963,0.5718449950218201,0.3593970239162445,0.4000106155872345
alignn_prop,composition,mf.composition.k7_outer,saved_models/split_json/alignn_prop/composition/mf.composition.k7_outer-best-mre-epoch=32-val_mre=0.3380.ckpt,0.7147089838981628,0.594599723815918,0.3380192518234253,0.3566875755786896
alignn_prop,composition,mf.composition.k8_outer,saved_models/split_json/alignn_prop/composition/mf.composition.k8_outer-best-mre-epoch=23-val_mre=0.2685.ckpt,0.5994623303413391,0.5575923919677734,0.2685173153877258,0.4229916930198669
alignn_prop,composition,mf.composition.k9_outer,saved_models/split_json/alignn_prop/composition/mf.composition.k9_outer-best-mre-epoch=47-val_mre=0.2333.ckpt,0.4644637107849121,0.5099483132362366,0.2332958728075027,0.5927563309669495
alignn_prop,periodictablegroups,mf.periodictablegroups.k0_outer,saved_models/split_json/alignn_prop/periodictablegroups/mf.periodictablegroups.k0_outer-best-mre-epoch=02-val_mre=0.3601.ckpt,0.5982800722122192,0.5877376794815063,0.3600564002990722,0.3788304030895233
alignn_prop,periodictablegroups,mf.periodictablegroups.k1_outer,saved_models/split_json/alignn_prop/periodictablegroups/mf.periodictablegroups.k1_outer-best-mre-epoch=45-val_mre=0.3086.ckpt,0.8500117063522339,0.7254878282546997,0.3085984289646148,0.0495323501527309
alignn_prop,periodictablegroups,mf.periodictablegroups.k2_outer,saved_models/split_json/alignn_prop/periodictablegroups/mf.periodictablegroups.k2_outer-best-mre-epoch=25-val_mre=0.2698.ckpt,0.6520695686340332,0.6158251762390137,0.2697837948799133,0.3057893812656402
alignn_prop,periodictablegroups,mf.periodictablegroups.k3_outer,saved_models/split_json/alignn_prop/periodictablegroups/mf.periodictablegroups.k3_outer-best-mre-epoch=06-val_mre=0.2997.ckpt,0.4966301023960113,0.5435320734977722,0.299714982509613,0.1409178078174591
alignn_prop,periodictablegroups,mf.periodictablegroups.k4_outer,saved_models/split_json/alignn_prop/periodictablegroups/mf.periodictablegroups.k4_outer-best-mre-epoch=32-val_mre=0.3360.ckpt,0.3711845874786377,0.5045483708381653,0.3359612226486206,0.5942534804344177
alignn_prop,periodictablegroups,mf.periodictablegroups.k5_outer,saved_models/split_json/alignn_prop/periodictablegroups/mf.periodictablegroups.k5_outer-best-mre-epoch=00-val_mre=0.3269.ckpt,0.9268195033073424,0.7434151768684387,0.3269335925579071,0.0229101758450269
alignn_prop,periodictablegroups,mf.periodictablegroups.k6_outer,saved_models/split_json/alignn_prop/periodictablegroups/mf.periodictablegroups.k6_outer-best-mre-epoch=08-val_mre=0.3046.ckpt,0.6923767924308777,0.652711033821106,0.3045907020568847,0.2572144567966461
alignn_prop,periodictablegroups,mf.periodictablegroups.k7_outer,saved_models/split_json/alignn_prop/periodictablegroups/mf.periodictablegroups.k7_outer-best-mre-epoch=24-val_mre=0.3500.ckpt,0.9742701053619384,0.7169891595840454,0.3499708175659179,-0.0198965035378932
alignn_prop,periodictablegroups,mf.periodictablegroups.k8_outer,saved_models/split_json/alignn_prop/periodictablegroups/mf.periodictablegroups.k8_outer-best-mre-epoch=41-val_mre=0.3308.ckpt,0.719304084777832,0.6280009746551514,0.3308053612709045,0.2621925473213196
alignn_prop,periodictablegroups,mf.periodictablegroups.k9_outer,saved_models/split_json/alignn_prop/periodictablegroups/mf.periodictablegroups.k9_outer-best-mre-epoch=36-val_mre=0.2740.ckpt,0.5694173574447632,0.5148916840553284,0.2739931046962738,0.4286242425441742
cartnet,chemsys,mf.chemsys.k0_outer,saved_models/split_json/cartnet/chemsys/mf.chemsys.k0_outer-best-mre-epoch=16-val_mre=0.3117.ckpt,0.6287586688995361,0.5865039229393005,0.3116891384124756,0.4325229525566101
cartnet,chemsys,mf.chemsys.k1_outer,saved_models/split_json/cartnet/chemsys/mf.chemsys.k1_outer-best-mre-epoch=00-val_mre=0.3305.ckpt,0.6698762774467468,0.609770655632019,0.3305473029613495,0.390954315662384
cartnet,chemsys,mf.chemsys.k2_outer,saved_models/split_json/cartnet/chemsys/mf.chemsys.k2_outer-best-mre-epoch=11-val_mre=0.3712.ckpt,1.3889381885528564,0.7122403383255005,0.3711707890033722,-0.3941187262535095
cartnet,chemsys,mf.chemsys.k3_outer,saved_models/split_json/cartnet/chemsys/mf.chemsys.k3_outer-best-mre-epoch=12-val_mre=0.2904.ckpt,0.5008575916290283,0.5270074605941772,0.2904030680656433,0.4874838888645172
cartnet,chemsys,mf.chemsys.k4_outer,saved_models/split_json/cartnet/chemsys/mf.chemsys.k4_outer-best-mre-epoch=03-val_mre=0.2782.ckpt,0.6787768602371216,0.6058191061019897,0.2782021164894104,0.3908194303512573
cartnet,chemsys,mf.chemsys.k5_outer,saved_models/split_json/cartnet/chemsys/mf.chemsys.k5_outer-best-mre-epoch=04-val_mre=0.2482.ckpt,0.5582666397094727,0.5100414156913757,0.2482023388147354,0.4545127749443054
cartnet,chemsys,mf.chemsys.k6_outer,saved_models/split_json/cartnet/chemsys/mf.chemsys.k6_outer-best-mre-epoch=09-val_mre=0.3089.ckpt,0.7146830558776855,0.5962091684341431,0.3089109659194946,0.2298898696899414
cartnet,chemsys,mf.chemsys.k7_outer,saved_models/split_json/cartnet/chemsys/mf.chemsys.k7_outer-best-mre-epoch=04-val_mre=0.4263.ckpt,1.1558467149734497,0.7626646757125854,0.4263042211532593,-0.0690533444285392
cartnet,chemsys,mf.chemsys.k8_outer,saved_models/split_json/cartnet/chemsys/mf.chemsys.k8_outer-best-mre-epoch=09-val_mre=0.3582.ckpt,0.8388104438781738,0.6352035403251648,0.3581879138946533,0.1180110350251197
cartnet,chemsys,mf.chemsys.k9_outer,saved_models/split_json/cartnet/chemsys/mf.chemsys.k9_outer-best-mre-epoch=03-val_mre=0.3274.ckpt,0.7179928421974182,0.6254003047943115,0.327380359172821,0.4136958420276642
cartnet,composition,mf.composition.k0_outer,saved_models/split_json/cartnet/composition/mf.composition.k0_outer-best-mre-epoch=00-val_mre=0.3297.ckpt,0.8387048840522766,0.6490136384963989,0.3296900987625122,0.1791333705186844
cartnet,composition,mf.composition.k1_outer,saved_models/split_json/cartnet/composition/mf.composition.k1_outer-best-mre-epoch=13-val_mre=0.3437.ckpt,2.055713653564453,0.7157976031303406,0.3436766862869262,-1.111366629600525
cartnet,composition,mf.composition.k2_outer,saved_models/split_json/cartnet/composition/mf.composition.k2_outer-best-mre-epoch=00-val_mre=0.2946.ckpt,2.211960554122925,0.6876919865608215,0.2945919334888458,-1.568638801574707
cartnet,composition,mf.composition.k3_outer,saved_models/split_json/cartnet/composition/mf.composition.k3_outer-best-mre-epoch=67-val_mre=0.2935.ckpt,0.6621811389923096,0.5849784016609192,0.2934639751911163,0.3302759826183319
cartnet,composition,mf.composition.k4_outer,saved_models/split_json/cartnet/composition/mf.composition.k4_outer-best-mre-epoch=23-val_mre=0.3206.ckpt,0.6136280298233032,0.5568787455558777,0.3205987513065338,0.4064458310604095
cartnet,composition,mf.composition.k5_outer,saved_models/split_json/cartnet/composition/mf.composition.k5_outer-best-mre-epoch=03-val_mre=0.3071.ckpt,0.6622468829154968,0.6086498498916626,0.3071293830871582,0.3576477468013763
cartnet,composition,mf.composition.k6_outer,saved_models/split_json/cartnet/composition/mf.composition.k6_outer-best-mre-epoch=12-val_mre=0.3734.ckpt,0.6647539138793945,0.5596922039985657,0.3733740150928497,0.4311670958995819
cartnet,composition,mf.composition.k7_outer,saved_models/split_json/cartnet/composition/mf.composition.k7_outer-best-mre-epoch=03-val_mre=0.3795.ckpt,0.8164986968040466,0.6525627374649048,0.3795342147350311,0.2803716659545898
cartnet,composition,mf.composition.k8_outer,saved_models/split_json/cartnet/composition/mf.composition.k8_outer-best-mre-epoch=09-val_mre=0.2817.ckpt,0.6347821950912476,0.5737853050231934,0.2816758155822754,0.4357140660285949
cartnet,composition,mf.composition.k9_outer,saved_models/split_json/cartnet/composition/mf.composition.k9_outer-best-mre-epoch=04-val_mre=0.2854.ckpt,0.6134828925132751,0.6117532253265381,0.2854438126087188,0.47962686419487
cartnet,periodictablegroups,mf.periodictablegroups.k0_outer,saved_models/split_json/cartnet/periodictablegroups/mf.periodictablegroups.k0_outer-best-mre-epoch=00-val_mre=0.3698.ckpt,0.9084204435348512,0.6167002320289612,0.3698188662528991,0.1242896318435669
cartnet,periodictablegroups,mf.periodictablegroups.k1_outer,saved_models/split_json/cartnet/periodictablegroups/mf.periodictablegroups.k1_outer-best-mre-epoch=00-val_mre=0.3215.ckpt,2.682473659515381,0.7387953996658325,0.3215226829051971,-1.9713207483291624
cartnet,periodictablegroups,mf.periodictablegroups.k2_outer,saved_models/split_json/cartnet/periodictablegroups/mf.periodictablegroups.k2_outer-best-mre-epoch=05-val_mre=0.2835.ckpt,0.703468918800354,0.620069682598114,0.2834751009941101,0.2981374561786651
cartnet,periodictablegroups,mf.periodictablegroups.k3_outer,saved_models/split_json/cartnet/periodictablegroups/mf.periodictablegroups.k3_outer-best-mre-epoch=06-val_mre=0.3224.ckpt,0.6512446403503418,0.6206061244010925,0.3223963975906372,-0.1054345220327377
cartnet,periodictablegroups,mf.periodictablegroups.k4_outer,saved_models/split_json/cartnet/periodictablegroups/mf.periodictablegroups.k4_outer-best-mre-epoch=09-val_mre=0.4528.ckpt,0.4341028332710266,0.582981526851654,0.4528236091136932,0.5254768133163452
cartnet,periodictablegroups,mf.periodictablegroups.k5_outer,saved_models/split_json/cartnet/periodictablegroups/mf.periodictablegroups.k5_outer-best-mre-epoch=00-val_mre=0.3559.ckpt,1.0735424757003784,0.8396743535995483,0.3558903336524963,-0.0569626614451408
cartnet,periodictablegroups,mf.periodictablegroups.k6_outer,saved_models/split_json/cartnet/periodictablegroups/mf.periodictablegroups.k6_outer-best-mre-epoch=04-val_mre=0.2863.ckpt,0.6081180572509766,0.5757372379302979,0.2863454520702362,0.3698249459266662
cartnet,periodictablegroups,mf.periodictablegroups.k7_outer,saved_models/split_json/cartnet/periodictablegroups/mf.periodictablegroups.k7_outer-best-mre-epoch=00-val_mre=0.3614.ckpt,2.5676517486572266,0.7804545164108276,0.3613891899585724,-1.0986955165863037
cartnet,periodictablegroups,mf.periodictablegroups.k8_outer,saved_models/split_json/cartnet/periodictablegroups/mf.periodictablegroups.k8_outer-best-mre-epoch=00-val_mre=0.3979.ckpt,1.2313355207443235,0.7568534016609192,0.3978777825832367,-0.2883917093276977
cartnet,periodictablegroups,mf.periodictablegroups.k9_outer,saved_models/split_json/cartnet/periodictablegroups/mf.periodictablegroups.k9_outer-best-mre-epoch=01-val_mre=0.2997.ckpt,0.5269720554351807,0.5580135583877563,0.299737811088562,0.5178312659263611
cartnet_prop,chemsys,mf.chemsys.k0_outer,saved_models/split_json/cartnet_prop/chemsys/mf.chemsys.k0_outer-best-mre-epoch=09-val_mre=0.2895.ckpt,0.5627180337905884,0.572288453578949,0.2895470857620239,0.4833462536334991
cartnet_prop,chemsys,mf.chemsys.k1_outer,saved_models/split_json/cartnet_prop/chemsys/mf.chemsys.k1_outer-best-mre-epoch=25-val_mre=0.3942.ckpt,5.337263584136963,0.7753363847732544,0.3942401707172394,-3.419609546661377
cartnet_prop,chemsys,mf.chemsys.k2_outer,saved_models/split_json/cartnet_prop/chemsys/mf.chemsys.k2_outer-best-mre-epoch=17-val_mre=0.3449.ckpt,0.846110463142395,0.6604379415512085,0.344897985458374,0.1629836559295654
cartnet_prop,chemsys,mf.chemsys.k3_outer,saved_models/split_json/cartnet_prop/chemsys/mf.chemsys.k3_outer-best-mre-epoch=20-val_mre=0.2964.ckpt,0.538469135761261,0.5619608163833618,0.296363890171051,0.4472320973873138
cartnet_prop,chemsys,mf.chemsys.k4_outer,saved_models/split_json/cartnet_prop/chemsys/mf.chemsys.k4_outer-best-mre-epoch=21-val_mre=0.2677.ckpt,0.7537392973899841,0.6219169497489929,0.2676578462123871,0.3306223452091217
cartnet_prop,chemsys,mf.chemsys.k5_outer,saved_models/split_json/cartnet_prop/chemsys/mf.chemsys.k5_outer-best-mre-epoch=19-val_mre=0.2654.ckpt,0.9797602295875548,0.5674521923065186,0.265387624502182,0.0403031855821609
cartnet_prop,chemsys,mf.chemsys.k6_outer,saved_models/split_json/cartnet_prop/chemsys/mf.chemsys.k6_outer-best-mre-epoch=07-val_mre=0.3155.ckpt,0.8048807382583618,0.6351311206817627,0.3155103325843811,0.1718418002128601
cartnet_prop,chemsys,mf.chemsys.k7_outer,saved_models/split_json/cartnet_prop/chemsys/mf.chemsys.k7_outer-best-mre-epoch=17-val_mre=0.3392.ckpt,0.6456543207168579,0.591371476650238,0.3391540646553039,0.4125212132930755
cartnet_prop,chemsys,mf.chemsys.k8_outer,saved_models/split_json/cartnet_prop/chemsys/mf.chemsys.k8_outer-best-mre-epoch=08-val_mre=0.3346.ckpt,0.7189742922782898,0.6065596342086792,0.3346404135227203,0.2306521385908126
cartnet_prop,chemsys,mf.chemsys.k9_outer,saved_models/split_json/cartnet_prop/chemsys/mf.chemsys.k9_outer-best-mre-epoch=07-val_mre=0.3097.ckpt,0.6350246071815491,0.5841515064239502,0.3097216784954071,0.479236751794815
cartnet_prop,composition,mf.composition.k0_outer,saved_models/split_json/cartnet_prop/composition/mf.composition.k0_outer-best-mre-epoch=00-val_mre=0.3234.ckpt,0.7747682929039001,0.6460661292076111,0.3234130442142486,0.2684063017368316
cartnet_prop,composition,mf.composition.k1_outer,saved_models/split_json/cartnet_prop/composition/mf.composition.k1_outer-best-mre-epoch=13-val_mre=0.3323.ckpt,2.414157152175904,0.6810213923454285,0.3323102295398712,-1.7378844022750854
cartnet_prop,composition,mf.composition.k2_outer,saved_models/split_json/cartnet_prop/composition/mf.composition.k2_outer-best-mre-epoch=13-val_mre=0.2481.ckpt,0.5901002883911133,0.556784451007843,0.2480971366167068,0.3467833995819092
cartnet_prop,composition,mf.composition.k3_outer,saved_models/split_json/cartnet_prop/composition/mf.composition.k3_outer-best-mre-epoch=21-val_mre=0.2847.ckpt,1.0178165435791016,0.603895902633667,0.2846860885620117,-0.0120832677930593
cartnet_prop,composition,mf.composition.k4_outer,saved_models/split_json/cartnet_prop/composition/mf.composition.k4_outer-best-mre-epoch=12-val_mre=0.3246.ckpt,0.6406223177909851,0.5724639296531677,0.3246409296989441,0.3725985288619995
cartnet_prop,composition,mf.composition.k5_outer,saved_models/split_json/cartnet_prop/composition/mf.composition.k5_outer-best-mre-epoch=00-val_mre=0.3075.ckpt,0.8250361084938049,0.6672449707984924,0.3074680864810943,0.1925573348999023
cartnet_prop,composition,mf.composition.k6_outer,saved_models/split_json/cartnet_prop/composition/mf.composition.k6_outer-best-mre-epoch=06-val_mre=0.4042.ckpt,0.871354341506958,0.6330206990242004,0.404218465089798,0.2417289614677429
cartnet_prop,composition,mf.composition.k7_outer,saved_models/split_json/cartnet_prop/composition/mf.composition.k7_outer-best-mre-epoch=09-val_mre=0.3596.ckpt,0.8723074197769165,0.607483983039856,0.3595867455005646,0.2136867195367813
cartnet_prop,composition,mf.composition.k8_outer,saved_models/split_json/cartnet_prop/composition/mf.composition.k8_outer-best-mre-epoch=12-val_mre=0.2616.ckpt,0.4932854473590851,0.5283011198043823,0.2616407573223114,0.5592663288116455
cartnet_prop,composition,mf.composition.k9_outer,saved_models/split_json/cartnet_prop/composition/mf.composition.k9_outer-best-mre-epoch=23-val_mre=0.2674.ckpt,0.6191712617874146,0.5939662456512451,0.267371267080307,0.4725463390350342
cartnet_prop,periodictablegroups,mf.periodictablegroups.k0_outer,saved_models/split_json/cartnet_prop/periodictablegroups/mf.periodictablegroups.k0_outer-best-mre-epoch=00-val_mre=0.3194.ckpt,0.945700228214264,0.5980060696601868,0.3193950951099396,0.0710685402154922
cartnet_prop,periodictablegroups,mf.periodictablegroups.k1_outer,saved_models/split_json/cartnet_prop/periodictablegroups/mf.periodictablegroups.k1_outer-best-mre-epoch=11-val_mre=0.3040.ckpt,0.755973756313324,0.6447039842605591,0.3039712011814117,0.2196657657623291
cartnet_prop,periodictablegroups,mf.periodictablegroups.k2_outer,saved_models/split_json/cartnet_prop/periodictablegroups/mf.periodictablegroups.k2_outer-best-mre-epoch=06-val_mre=0.2934.ckpt,1.380636215209961,0.6944671869277954,0.2933767735958099,-0.3976112902164459
cartnet_prop,periodictablegroups,mf.periodictablegroups.k3_outer,saved_models/split_json/cartnet_prop/periodictablegroups/mf.periodictablegroups.k3_outer-best-mre-epoch=04-val_mre=0.3035.ckpt,0.7498316168785095,0.6246797442436218,0.303478479385376,-0.2712672352790832
cartnet_prop,periodictablegroups,mf.periodictablegroups.k4_outer,saved_models/split_json/cartnet_prop/periodictablegroups/mf.periodictablegroups.k4_outer-best-mre-epoch=11-val_mre=0.4145.ckpt,0.4874828457832336,0.5820274353027344,0.4144656062126159,0.4671264886856079
cartnet_prop,periodictablegroups,mf.periodictablegroups.k5_outer,saved_models/split_json/cartnet_prop/periodictablegroups/mf.periodictablegroups.k5_outer-best-mre-epoch=00-val_mre=0.3855.ckpt,1.6795555353164673,0.9437057971954346,0.385528028011322,-0.7065408825874329
cartnet_prop,periodictablegroups,mf.periodictablegroups.k6_outer,saved_models/split_json/cartnet_prop/periodictablegroups/mf.periodictablegroups.k6_outer-best-mre-epoch=02-val_mre=0.2905.ckpt,0.6382268667221069,0.6083699464797974,0.2904866933822632,0.3385366201400757
cartnet_prop,periodictablegroups,mf.periodictablegroups.k7_outer,saved_models/split_json/cartnet_prop/periodictablegroups/mf.periodictablegroups.k7_outer-best-mre-epoch=00-val_mre=0.3475.ckpt,1.093064546585083,0.7303526997566223,0.3474973440170288,-0.040776077657938
cartnet_prop,periodictablegroups,mf.periodictablegroups.k8_outer,saved_models/split_json/cartnet_prop/periodictablegroups/mf.periodictablegroups.k8_outer-best-mre-epoch=12-val_mre=0.3702.ckpt,1.0317775011062622,0.6982288956642151,0.3702474534511566,-0.0795867443084716
cartnet_prop,periodictablegroups,mf.periodictablegroups.k9_outer,saved_models/split_json/cartnet_prop/periodictablegroups/mf.periodictablegroups.k9_outer-best-mre-epoch=16-val_mre=0.3137.ckpt,0.5432702898979187,0.5446807146072388,0.3137158155441284,0.5135102272033691
cgcnn,chemsys,mf.chemsys.k0_outer,saved_models/split_json/cgcnn/chemsys/mf.chemsys.k0_outer-best-mre-epoch=08-val_mre=0.2792.ckpt,0.5330951809883118,0.5473798513412476,0.2791557013988495,0.4851665496826172
cgcnn,chemsys,mf.chemsys.k1_outer,saved_models/split_json/cgcnn/chemsys/mf.chemsys.k1_outer-best-mre-epoch=00-val_mre=0.2754.ckpt,0.5137235522270203,0.5430780649185181,0.2754011154174804,0.5233531594276428
cgcnn,chemsys,mf.chemsys.k2_outer,saved_models/split_json/cgcnn/chemsys/mf.chemsys.k2_outer-best-mre-epoch=49-val_mre=0.3036.ckpt,0.7343001961708069,0.6433841586112976,0.3043520748615265,0.298157274723053
cgcnn,chemsys,mf.chemsys.k3_outer,saved_models/split_json/cgcnn/chemsys/mf.chemsys.k3_outer-best-mre-epoch=48-val_mre=0.2462.ckpt,0.4749317467212677,0.5322498679161072,0.2456928044557571,0.4898894131183624
cgcnn,chemsys,mf.chemsys.k4_outer,saved_models/split_json/cgcnn/chemsys/mf.chemsys.k4_outer-best-mre-epoch=10-val_mre=0.2666.ckpt,0.9933692812919616,0.6085814833641052,0.2666660845279693,0.0532550141215324
cgcnn,chemsys,mf.chemsys.k5_outer,saved_models/split_json/cgcnn/chemsys/mf.chemsys.k5_outer-best-mre-epoch=38-val_mre=0.2508.ckpt,0.4698705971240997,0.4966214299201965,0.2504691779613495,0.5439241528511047
cgcnn,chemsys,mf.chemsys.k6_outer,saved_models/split_json/cgcnn/chemsys/mf.chemsys.k6_outer-best-mre-epoch=45-val_mre=0.2376.ckpt,0.5932655334472656,0.5282202959060669,0.237621396780014,0.3704622387886047
cgcnn,chemsys,mf.chemsys.k7_outer,saved_models/split_json/cgcnn/chemsys/mf.chemsys.k7_outer-best-mre-epoch=44-val_mre=0.3170.ckpt,0.6494885087013245,0.6001799702644348,0.3169589340686798,0.4001216888427734
cgcnn,chemsys,mf.chemsys.k8_outer,saved_models/split_json/cgcnn/chemsys/mf.chemsys.k8_outer-best-mre-epoch=00-val_mre=0.3167.ckpt,0.5593505501747131,0.5524036288261414,0.3167772889137268,0.4245781898498535
cgcnn,chemsys,mf.chemsys.k9_outer,saved_models/split_json/cgcnn/chemsys/mf.chemsys.k9_outer-best-mre-epoch=07-val_mre=0.2593.ckpt,0.5799782276153564,0.566987156867981,0.2592520117759704,0.5234565734863281
cgcnn,composition,mf.composition.k0_outer,saved_models/split_json/cgcnn/composition/mf.composition.k0_outer-best-mre-epoch=20-val_mre=0.2880.ckpt,0.6249496936798096,0.5931612849235535,0.2866221368312835,0.3812958300113678
cgcnn,composition,mf.composition.k1_outer,saved_models/split_json/cgcnn/composition/mf.composition.k1_outer-best-mre-epoch=30-val_mre=0.2854.ckpt,0.6206105351448059,0.5613998770713806,0.285253643989563,0.3119823038578033
cgcnn,composition,mf.composition.k2_outer,saved_models/split_json/cgcnn/composition/mf.composition.k2_outer-best-mre-epoch=28-val_mre=0.2356.ckpt,0.5540221929550171,0.5685931444168091,0.2355920821428299,0.3784362375736236
cgcnn,composition,mf.composition.k3_outer,saved_models/split_json/cgcnn/composition/mf.composition.k3_outer-best-mre-epoch=04-val_mre=0.2212.ckpt,0.3631311058998108,0.4540470838546753,0.2210336327552795,0.6458419561386108
cgcnn,composition,mf.composition.k4_outer,saved_models/split_json/cgcnn/composition/mf.composition.k4_outer-best-mre-epoch=25-val_mre=0.2889.ckpt,0.5899926424026489,0.5259268879890442,0.2889023125171661,0.4262600243091583
cgcnn,composition,mf.composition.k5_outer,saved_models/split_json/cgcnn/composition/mf.composition.k5_outer-best-mre-epoch=02-val_mre=0.3082.ckpt,0.5124380588531494,0.5617441534996033,0.308190256357193,0.4761026203632355
cgcnn,composition,mf.composition.k6_outer,saved_models/split_json/cgcnn/composition/mf.composition.k6_outer-best-mre-epoch=25-val_mre=0.3426.ckpt,0.7036860585212708,0.5946186184883118,0.3420041501522064,0.3788219690322876
cgcnn,composition,mf.composition.k7_outer,saved_models/split_json/cgcnn/composition/mf.composition.k7_outer-best-mre-epoch=16-val_mre=0.2837.ckpt,0.6489782333374023,0.5659165382385254,0.2837722599506378,0.3851832151412964
cgcnn,composition,mf.composition.k8_outer,saved_models/split_json/cgcnn/composition/mf.composition.k8_outer-best-mre-epoch=32-val_mre=0.2731.ckpt,0.5530892610549927,0.5589152574539185,0.2730834782123565,0.4899491965770721
cgcnn,composition,mf.composition.k9_outer,saved_models/split_json/cgcnn/composition/mf.composition.k9_outer-best-mre-epoch=07-val_mre=0.2530.ckpt,0.5638853907585144,0.5715818405151367,0.2529824674129486,0.5276779532432556
cgcnn,periodictablegroups,mf.periodictablegroups.k0_outer,saved_models/split_json/cgcnn/periodictablegroups/mf.periodictablegroups.k0_outer-best-mre-epoch=40-val_mre=0.3509.ckpt,0.6433495879173279,0.5980010628700256,0.350879818201065,0.3674537539482116
cgcnn,periodictablegroups,mf.periodictablegroups.k1_outer,saved_models/split_json/cgcnn/periodictablegroups/mf.periodictablegroups.k1_outer-best-mre-epoch=01-val_mre=0.2819.ckpt,0.6083683371543884,0.5929020047187805,0.2820796966552734,0.3507699966430664
cgcnn,periodictablegroups,mf.periodictablegroups.k2_outer,saved_models/split_json/cgcnn/periodictablegroups/mf.periodictablegroups.k2_outer-best-mre-epoch=42-val_mre=0.2479.ckpt,0.5698539614677429,0.5763440728187561,0.2479452788829803,0.4042282700538635
cgcnn,periodictablegroups,mf.periodictablegroups.k3_outer,saved_models/split_json/cgcnn/periodictablegroups/mf.periodictablegroups.k3_outer-best-mre-epoch=03-val_mre=0.2975.ckpt,0.5413162112236023,0.5517507195472717,0.2975907325744629,0.0866321772336959
cgcnn,periodictablegroups,mf.periodictablegroups.k4_outer,saved_models/split_json/cgcnn/periodictablegroups/mf.periodictablegroups.k4_outer-best-mre-epoch=42-val_mre=0.4978.ckpt,0.7334952354431152,0.7145006060600281,0.4977650940418243,0.1982071250677108
cgcnn,periodictablegroups,mf.periodictablegroups.k5_outer,saved_models/split_json/cgcnn/periodictablegroups/mf.periodictablegroups.k5_outer-best-mre-epoch=11-val_mre=0.3628.ckpt,1.0051380395889282,0.7993020415306091,0.3628394305706024,0.0026697211433202
cgcnn,periodictablegroups,mf.periodictablegroups.k6_outer,saved_models/split_json/cgcnn/periodictablegroups/mf.periodictablegroups.k6_outer-best-mre-epoch=02-val_mre=0.2613.ckpt,0.5053249597549438,0.532308042049408,0.261270135641098,0.4670303165912628
cgcnn,periodictablegroups,mf.periodictablegroups.k7_outer,saved_models/split_json/cgcnn/periodictablegroups/mf.periodictablegroups.k7_outer-best-mre-epoch=15-val_mre=0.2935.ckpt,0.7085548043251038,0.623228907585144,0.2936022281646728,0.3244045376777649
cgcnn,periodictablegroups,mf.periodictablegroups.k8_outer,saved_models/split_json/cgcnn/periodictablegroups/mf.periodictablegroups.k8_outer-best-mre-epoch=37-val_mre=0.3759.ckpt,0.888984203338623,0.7183598875999451,0.3803732097148895,0.0698230862617492
cgcnn,periodictablegroups,mf.periodictablegroups.k9_outer,saved_models/split_json/cgcnn/periodictablegroups/mf.periodictablegroups.k9_outer-best-mre-epoch=00-val_mre=0.2896.ckpt,0.4465577900409698,0.4938417375087738,0.2895414531230926,0.5984440445899963
chgnet,chemsys,mf.chemsys.k0_outer,saved_models/split_json/chgnet/chemsys/mf.chemsys.k0_outer-best-mre-epoch=11-val_mre=0.3613-v1.ckpt,0.7895095944404602,0.688015878200531,0.3612870872020721,0.22498419880867
chgnet,chemsys,mf.chemsys.k0_outer,saved_models/split_json/chgnet/chemsys/mf.chemsys.k0_outer-best-mre-epoch=11-val_mre=0.3613.ckpt,0.7895073890686035,0.6880152821540833,0.3612864017486572,0.22498619556427
chgnet,chemsys,mf.chemsys.k1_outer,saved_models/split_json/chgnet/chemsys/mf.chemsys.k1_outer-best-mre-epoch=15-val_mre=0.4238.ckpt,0.8825437426567078,0.7319924831390381,0.4237912893295288,0.0682469382882118
chgnet,chemsys,mf.chemsys.k1_outer,saved_models/split_json/chgnet/chemsys/mf.chemsys.k1_outer-best-mre-epoch=19-val_mre=0.3869.ckpt,0.991449773311615,0.6839362382888794,0.3868939578533172,-0.2025425881147384
chgnet,chemsys,mf.chemsys.k2_outer,saved_models/split_json/chgnet/chemsys/mf.chemsys.k2_outer-best-mre-epoch=07-val_mre=0.3676.ckpt,0.8337371945381165,0.7139256000518799,0.3675640821456909,0.1194353178143501
chgnet,chemsys,mf.chemsys.k2_outer,saved_models/split_json/chgnet/chemsys/mf.chemsys.k2_outer-best-mre-epoch=22-val_mre=0.3995.ckpt,0.9673179388046264,0.7440112233161926,0.3995372653007507,-0.0120658166706562
chgnet,chemsys,mf.chemsys.k3_outer,saved_models/split_json/chgnet/chemsys/mf.chemsys.k3_outer-best-mre-epoch=05-val_mre=0.3880.ckpt,0.7888097763061523,0.6600891947746277,0.3880422711372375,0.1467479616403579
chgnet,chemsys,mf.chemsys.k3_outer,saved_models/split_json/chgnet/chemsys/mf.chemsys.k3_outer-best-mre-epoch=17-val_mre=0.3985.ckpt,0.8500000834465027,0.692862331867218,0.3984502255916595,0.0544224455952644
chgnet,chemsys,mf.chemsys.k4_outer,saved_models/split_json/chgnet/chemsys/mf.chemsys.k4_outer-best-mre-epoch=12-val_mre=0.3689.ckpt,0.9068090319633484,0.7370425462722778,0.3689192235469818,0.0190611574798822
chgnet,chemsys,mf.chemsys.k4_outer,saved_models/split_json/chgnet/chemsys/mf.chemsys.k4_outer-best-mre-epoch=15-val_mre=0.3546.ckpt,0.9420562982559204,0.7337300777435303,0.3545902967453003,0.0218340195715427
chgnet,chemsys,mf.chemsys.k5_outer,saved_models/split_json/chgnet/chemsys/mf.chemsys.k5_outer-best-mre-epoch=14-val_mre=0.3928.ckpt,0.7321014404296875,0.6789658069610596,0.3927681744098663,0.1229906678199768
chgnet,chemsys,mf.chemsys.k5_outer,saved_models/split_json/chgnet/chemsys/mf.chemsys.k5_outer-best-mre-epoch=18-val_mre=0.3306.ckpt,0.6909797191619873,0.6117424368858337,0.3305596113204956,0.2081659138202667
chgnet,chemsys,mf.chemsys.k6_outer,saved_models/split_json/chgnet/chemsys/mf.chemsys.k6_outer-best-mre-epoch=07-val_mre=0.3495.ckpt,0.9163788557052612,0.7065625786781311,0.3495393693447113,-0.0116778351366519
chgnet,chemsys,mf.chemsys.k6_outer,saved_models/split_json/chgnet/chemsys/mf.chemsys.k6_outer-best-mre-epoch=14-val_mre=0.3498.ckpt,0.8908608555793762,0.7132847309112549,0.3497745096683502,0.0322052501142025
chgnet,chemsys,mf.chemsys.k7_outer,saved_models/split_json/chgnet/chemsys/mf.chemsys.k7_outer-best-mre-epoch=16-val_mre=0.4249.ckpt,0.8697008490562439,0.7335935831069946,0.4248992800712585,0.1767878234386444
chgnet,chemsys,mf.chemsys.k7_outer,saved_models/split_json/chgnet/chemsys/mf.chemsys.k7_outer-best-mre-epoch=31-val_mre=0.4243.ckpt,0.9621831774711608,0.7430222034454346,0.4242596924304962,0.0753304585814476
chgnet,chemsys,mf.chemsys.k8_outer,saved_models/split_json/chgnet/chemsys/mf.chemsys.k8_outer-best-mre-epoch=18-val_mre=0.4037.ckpt,0.861667275428772,0.7098958492279053,0.4036911427974701,0.0878311023116111
chgnet,chemsys,mf.chemsys.k8_outer,saved_models/split_json/chgnet/chemsys/mf.chemsys.k8_outer-best-mre-epoch=27-val_mre=0.3664.ckpt,0.8067204356193542,0.6766761541366577,0.3664390444755554,0.1452692300081253
chgnet,chemsys,mf.chemsys.k9_outer,saved_models/split_json/chgnet/chemsys/mf.chemsys.k9_outer-best-mre-epoch=19-val_mre=0.4053.ckpt,1.0315979719161987,0.7764203548431396,0.4053018987178802,0.1025784611701965
chgnet,chemsys,mf.chemsys.k9_outer,saved_models/split_json/chgnet/chemsys/mf.chemsys.k9_outer-best-mre-epoch=24-val_mre=0.3894.ckpt,0.9680553078651428,0.7532749772071838,0.3893920481204986,0.1578160524368286
chgnet,composition,mf.composition.k0_outer,saved_models/split_json/chgnet/composition/mf.composition.k0_outer-best-mre-epoch=13-val_mre=0.3871-v1.ckpt,0.8461782932281494,0.696713387966156,0.3871092200279236,0.1418815106153488
chgnet,composition,mf.composition.k0_outer,saved_models/split_json/chgnet/composition/mf.composition.k0_outer-best-mre-epoch=13-val_mre=0.3871.ckpt,0.8462458252906799,0.6967389583587646,0.3871131539344787,0.1418046206235885
chgnet,composition,mf.composition.k1_outer,saved_models/split_json/chgnet/composition/mf.composition.k1_outer-best-mre-epoch=14-val_mre=0.3869.ckpt,0.8305755257606506,0.7078730463981628,0.386860579252243,0.0646421238780021
chgnet,composition,mf.composition.k1_outer,saved_models/split_json/chgnet/composition/mf.composition.k1_outer-best-mre-epoch=18-val_mre=0.3854.ckpt,0.844710111618042,0.7138135433197021,0.3854467272758484,0.0463410653173923
chgnet,composition,mf.composition.k2_outer,saved_models/split_json/chgnet/composition/mf.composition.k2_outer-best-mre-epoch=10-val_mre=0.2847-v1.ckpt,0.594792366027832,0.5980777740478516,0.2847470045089721,0.3067806661128998
chgnet,composition,mf.composition.k2_outer,saved_models/split_json/chgnet/composition/mf.composition.k2_outer-best-mre-epoch=10-val_mre=0.2847.ckpt,0.5947944521903992,0.5980792045593262,0.2847476899623871,0.3067783415317535
chgnet,composition,mf.composition.k3_outer,saved_models/split_json/chgnet/composition/mf.composition.k3_outer-best-mre-epoch=12-val_mre=0.3196.ckpt,0.66351717710495,0.6368022561073303,0.3196414411067962,0.3174778521060943
chgnet,composition,mf.composition.k3_outer,saved_models/split_json/chgnet/composition/mf.composition.k3_outer-best-mre-epoch=14-val_mre=0.3195.ckpt,0.6745116710662842,0.6354026794433594,0.3195236027240753,0.3059078454971313
chgnet,composition,mf.composition.k4_outer,saved_models/split_json/chgnet/composition/mf.composition.k4_outer-best-mre-epoch=18-val_mre=0.3840-v1.ckpt,0.7660181522369385,0.6866607069969177,0.3840158581733703,0.1805497258901596
chgnet,composition,mf.composition.k4_outer,saved_models/split_json/chgnet/composition/mf.composition.k4_outer-best-mre-epoch=18-val_mre=0.3840.ckpt,0.7660232782363892,0.6866615414619446,0.3840158879756927,0.1805469244718551
chgnet,composition,mf.composition.k5_outer,saved_models/split_json/chgnet/composition/mf.composition.k5_outer-best-mre-epoch=19-val_mre=0.3787.ckpt,0.8640559315681458,0.7357593774795532,0.3786626160144806,0.0805000439286232
chgnet,composition,mf.composition.k5_outer,saved_models/split_json/chgnet/composition/mf.composition.k5_outer-best-mre-epoch=19-val_mre=0.3788.ckpt,0.86415696144104,0.7358320355415344,0.3788175284862518,0.0802684053778648
chgnet,composition,mf.composition.k6_outer,saved_models/split_json/chgnet/composition/mf.composition.k6_outer-best-mre-epoch=19-val_mre=0.4829.ckpt,1.1009342670440674,0.794818639755249,0.4828971028327942,0.0475948341190815
chgnet,composition,mf.composition.k6_outer,saved_models/split_json/chgnet/composition/mf.composition.k6_outer-best-mre-epoch=19-val_mre=0.4831.ckpt,1.1012117862701416,0.794593095779419,0.4831386804580688,0.0472411774098873
chgnet,composition,mf.composition.k7_outer,saved_models/split_json/chgnet/composition/mf.composition.k7_outer-best-mre-epoch=11-val_mre=0.4366-v1.ckpt,0.991201639175415,0.7663955092430115,0.4366410374641418,0.0603971257805824
chgnet,composition,mf.composition.k7_outer,saved_models/split_json/chgnet/composition/mf.composition.k7_outer-best-mre-epoch=11-val_mre=0.4366.ckpt,0.9912128448486328,0.7664006352424622,0.4366441071033478,0.0603816248476505
chgnet,composition,mf.composition.k8_outer,saved_models/split_json/chgnet/composition/mf.composition.k8_outer-best-mre-epoch=17-val_mre=0.3809-v1.ckpt,0.8456447720527649,0.7318433523178101,0.3808755874633789,0.1581801623106002
chgnet,composition,mf.composition.k8_outer,saved_models/split_json/chgnet/composition/mf.composition.k8_outer-best-mre-epoch=17-val_mre=0.3809.ckpt,0.8455868363380432,0.7318083643913269,0.3808685541152954,0.15823495388031
chgnet,composition,mf.composition.k9_outer,saved_models/split_json/chgnet/composition/mf.composition.k9_outer-best-mre-epoch=16-val_mre=0.3981.ckpt,0.9218263626098632,0.750784695148468,0.3980708718299866,0.1992009729146957
chgnet,composition,mf.composition.k9_outer,saved_models/split_json/chgnet/composition/mf.composition.k9_outer-best-mre-epoch=19-val_mre=0.3976.ckpt,0.9376357793807985,0.7559436559677124,0.3976072669029236,0.1862572133541107
chgnet,periodictablegroups,mf.periodictablegroups.k0_outer,saved_models/split_json/chgnet/periodictablegroups/mf.periodictablegroups.k0_outer-best-mre-epoch=04-val_mre=0.5657-v1.ckpt,1.1062350273132324,0.8346366882324219,0.56569504737854,-0.1440857052803039
chgnet,periodictablegroups,mf.periodictablegroups.k0_outer,saved_models/split_json/chgnet/periodictablegroups/mf.periodictablegroups.k0_outer-best-mre-epoch=04-val_mre=0.5657.ckpt,1.106235146522522,0.8346366882324219,0.5656949877738953,-0.1440858244895935
chgnet,periodictablegroups,mf.periodictablegroups.k1_outer,saved_models/split_json/chgnet/periodictablegroups/mf.periodictablegroups.k1_outer-best-mre-epoch=07-val_mre=0.3775.ckpt,1.028263807296753,0.8091731071472168,0.3775196969509125,-0.153218537569046
chgnet,periodictablegroups,mf.periodictablegroups.k1_outer,saved_models/split_json/chgnet/periodictablegroups/mf.periodictablegroups.k1_outer-best-mre-epoch=07-val_mre=0.3776.ckpt,1.02844500541687,0.8092746734619141,0.3775649070739746,-0.1534956395626068
chgnet,periodictablegroups,mf.periodictablegroups.k2_outer,saved_models/split_json/chgnet/periodictablegroups/mf.periodictablegroups.k2_outer-best-mre-epoch=03-val_mre=0.3784-v1.ckpt,0.9339285492897034,0.7750327587127686,0.3784050345420837,0.0120498575270175
chgnet,periodictablegroups,mf.periodictablegroups.k2_outer,saved_models/split_json/chgnet/periodictablegroups/mf.periodictablegroups.k2_outer-best-mre-epoch=03-val_mre=0.3784.ckpt,0.9339284300804138,0.7750327587127686,0.3784050047397613,0.0120499357581138
chgnet,periodictablegroups,mf.periodictablegroups.k3_outer,saved_models/split_json/chgnet/periodictablegroups/mf.periodictablegroups.k3_outer-best-mre-epoch=19-val_mre=0.3927-v1.ckpt,0.7391781806945801,0.6721356511116028,0.3927198648452759,-0.3556142449378967
chgnet,periodictablegroups,mf.periodictablegroups.k3_outer,saved_models/split_json/chgnet/periodictablegroups/mf.periodictablegroups.k3_outer-best-mre-epoch=19-val_mre=0.3927.ckpt,0.7392210960388184,0.6721526980400085,0.3927265107631683,-0.3556846976280212
chgnet,periodictablegroups,mf.periodictablegroups.k4_outer,saved_models/split_json/chgnet/periodictablegroups/mf.periodictablegroups.k4_outer-best-mre-epoch=15-val_mre=1.0606.ckpt,2.724604606628418,1.2935805320739746,1.060625433921814,-1.9782993793487549
chgnet,periodictablegroups,mf.periodictablegroups.k4_outer,saved_models/split_json/chgnet/periodictablegroups/mf.periodictablegroups.k4_outer-best-mre-epoch=15-val_mre=1.0610.ckpt,2.729278564453125,1.2944231033325195,1.0610393285751345,-1.9834086894989007
chgnet,periodictablegroups,mf.periodictablegroups.k5_outer,saved_models/split_json/chgnet/periodictablegroups/mf.periodictablegroups.k5_outer-best-mre-epoch=05-val_mre=0.4018-v1.ckpt,1.2561296224594116,0.8865059018135071,0.4017917811870575,-0.2986051440238952
chgnet,periodictablegroups,mf.periodictablegroups.k5_outer,saved_models/split_json/chgnet/periodictablegroups/mf.periodictablegroups.k5_outer-best-mre-epoch=05-val_mre=0.4018.ckpt,1.2561296224594116,0.8865059018135071,0.4017917811870575,-0.2986052334308624
chgnet,periodictablegroups,mf.periodictablegroups.k6_outer,saved_models/split_json/chgnet/periodictablegroups/mf.periodictablegroups.k6_outer-best-mre-epoch=04-val_mre=0.3479-v1.ckpt,0.8659858107566833,0.7233265042304993,0.3479272127151489,0.0642075911164283
chgnet,periodictablegroups,mf.periodictablegroups.k6_outer,saved_models/split_json/chgnet/periodictablegroups/mf.periodictablegroups.k6_outer-best-mre-epoch=04-val_mre=0.3479.ckpt,0.8659864068031311,0.7233266234397888,0.3479271829128265,0.0642071664333343
chgnet,periodictablegroups,mf.periodictablegroups.k7_outer,saved_models/split_json/chgnet/periodictablegroups/mf.periodictablegroups.k7_outer-best-mre-epoch=05-val_mre=0.3813-v1.ckpt,1.00382399559021,0.7855833172798157,0.3813206851482391,-0.0137150948867201
chgnet,periodictablegroups,mf.periodictablegroups.k7_outer,saved_models/split_json/chgnet/periodictablegroups/mf.periodictablegroups.k7_outer-best-mre-epoch=05-val_mre=0.3813.ckpt,1.0038241147994995,0.7855834364891052,0.3813206851482391,-0.0137151861563324
chgnet,periodictablegroups,mf.periodictablegroups.k8_outer,saved_models/split_json/chgnet/periodictablegroups/mf.periodictablegroups.k8_outer-best-mre-epoch=00-val_mre=0.7377-v1.ckpt,1.470407485961914,1.0655441284179688,0.7376882433891296,-0.5456973314285278
chgnet,periodictablegroups,mf.periodictablegroups.k8_outer,saved_models/split_json/chgnet/periodictablegroups/mf.periodictablegroups.k8_outer-best-mre-epoch=00-val_mre=0.7377.ckpt,1.470407485961914,1.0655441284179688,0.7376883029937744,-0.5456973314285278
chgnet,periodictablegroups,mf.periodictablegroups.k9_outer,saved_models/split_json/chgnet/periodictablegroups/mf.periodictablegroups.k9_outer-best-mre-epoch=03-val_mre=0.3831-v1.ckpt,0.852218508720398,0.7512434720993042,0.3831175565719604,0.171612799167633
chgnet,periodictablegroups,mf.periodictablegroups.k9_outer,saved_models/split_json/chgnet/periodictablegroups/mf.periodictablegroups.k9_outer-best-mre-epoch=03-val_mre=0.3831.ckpt,0.8522180318832397,0.7512433528900146,0.3831175565719604,0.1716132313013076
chgnet_prop,chemsys,mf.chemsys.k0_outer,saved_models/split_json/chgnet_prop/chemsys/mf.chemsys.k0_outer-best-mre-epoch=02-val_mre=0.4075.ckpt,0.8565967679023743,0.7466557621955872,0.407507985830307,0.1840469092130661
chgnet_prop,chemsys,mf.chemsys.k0_outer,saved_models/split_json/chgnet_prop/chemsys/mf.chemsys.k0_outer-best-mre-epoch=09-val_mre=0.3268.ckpt,0.6200878024101257,0.5902870893478394,0.3268280923366546,0.3835404813289642
chgnet_prop,chemsys,mf.chemsys.k1_outer,saved_models/split_json/chgnet_prop/chemsys/mf.chemsys.k1_outer-best-mre-epoch=07-val_mre=0.3296.ckpt,0.6404366493225098,0.5790644288063049,0.3295601606369018,0.2792746722698211
chgnet_prop,chemsys,mf.chemsys.k2_outer,saved_models/split_json/chgnet_prop/chemsys/mf.chemsys.k2_outer-best-mre-epoch=38-val_mre=0.3171.ckpt,0.7079572677612305,0.6297310590744019,0.3171345889568329,0.2652195692062378
chgnet_prop,chemsys,mf.chemsys.k3_outer,saved_models/split_json/chgnet_prop/chemsys/mf.chemsys.k3_outer-best-mre-epoch=18-val_mre=0.2900.ckpt,0.5018410086631775,0.5322800278663635,0.289968729019165,0.4298888742923736
chgnet_prop,chemsys,mf.chemsys.k4_outer,saved_models/split_json/chgnet_prop/chemsys/mf.chemsys.k4_outer-best-mre-epoch=13-val_mre=0.2760.ckpt,0.5962112545967102,0.5845344662666321,0.2760262191295624,0.3367544114589691
chgnet_prop,chemsys,mf.chemsys.k5_outer,saved_models/split_json/chgnet_prop/chemsys/mf.chemsys.k5_outer-best-mre-epoch=33-val_mre=0.2816.ckpt,0.6004220247268677,0.5615715384483337,0.2815713882446289,0.3489522039890289
chgnet_prop,chemsys,mf.chemsys.k6_outer,saved_models/split_json/chgnet_prop/chemsys/mf.chemsys.k6_outer-best-mre-epoch=14-val_mre=0.3148.ckpt,0.7702924013137817,0.6144500970840454,0.3148239552974701,0.1688847243785858
chgnet_prop,chemsys,mf.chemsys.k7_outer,saved_models/split_json/chgnet_prop/chemsys/mf.chemsys.k7_outer-best-mre-epoch=13-val_mre=0.3428.ckpt,0.7041104435920715,0.6231768727302551,0.3428347408771515,0.3327093720436096
chgnet_prop,chemsys,mf.chemsys.k8_outer,saved_models/split_json/chgnet_prop/chemsys/mf.chemsys.k8_outer-best-mre-epoch=05-val_mre=0.3393.ckpt,0.7082167863845825,0.5877331495285034,0.3393304347991943,0.2425872832536697
chgnet_prop,chemsys,mf.chemsys.k9_outer,saved_models/split_json/chgnet_prop/chemsys/mf.chemsys.k9_outer-best-mre-epoch=10-val_mre=0.3151.ckpt,0.6015135645866394,0.5881809592247009,0.3150568604469299,0.4773276150226593
chgnet_prop,composition,mf.composition.k0_outer,saved_models/split_json/chgnet_prop/composition/mf.composition.k0_outer-best-mre-epoch=08-val_mre=0.3477.ckpt,0.7237762212753296,0.6309987306594849,0.347711980342865,0.2857615649700165
chgnet_prop,composition,mf.composition.k1_outer,saved_models/split_json/chgnet_prop/composition/mf.composition.k1_outer-best-mre-epoch=10-val_mre=0.3164.ckpt,0.6695759892463684,0.5812762379646301,0.3164409399032593,0.2564203143119812
chgnet_prop,composition,mf.composition.k2_outer,saved_models/split_json/chgnet_prop/composition/mf.composition.k2_outer-best-mre-epoch=12-val_mre=0.2596.ckpt,0.6198757290840149,0.5897377133369446,0.2596186399459839,0.2942235767841339
chgnet_prop,composition,mf.composition.k3_outer,saved_models/split_json/chgnet_prop/composition/mf.composition.k3_outer-best-mre-epoch=13-val_mre=0.2676.ckpt,0.4880928993225097,0.5190972089767456,0.2675541341304779,0.4654370248317718
chgnet_prop,composition,mf.composition.k4_outer,saved_models/split_json/chgnet_prop/composition/mf.composition.k4_outer-best-mre-epoch=23-val_mre=0.3367.ckpt,0.6377481818199158,0.5919702649116516,0.3367451131343841,0.3544771671295166
chgnet_prop,composition,mf.composition.k5_outer,saved_models/split_json/chgnet_prop/composition/mf.composition.k5_outer-best-mre-epoch=08-val_mre=0.2889.ckpt,0.5800843238830566,0.5709783434867859,0.2889063954353332,0.3905957341194153
chgnet_prop,composition,mf.composition.k6_outer,saved_models/split_json/chgnet_prop/composition/mf.composition.k6_outer-best-mre-epoch=36-val_mre=0.3755.ckpt,0.780413806438446,0.6111584901809692,0.3755473494529724,0.2998453676700592
chgnet_prop,composition,mf.composition.k7_outer,saved_models/split_json/chgnet_prop/composition/mf.composition.k7_outer-best-mre-epoch=05-val_mre=0.3703.ckpt,0.8151825070381165,0.6395653486251831,0.3702707290649414,0.2570693790912628
chgnet_prop,composition,mf.composition.k8_outer,saved_models/split_json/chgnet_prop/composition/mf.composition.k8_outer-best-mre-epoch=10-val_mre=0.2935.ckpt,0.5345262885093689,0.5548694729804993,0.2934976518154144,0.4697558283805847
chgnet_prop,composition,mf.composition.k9_outer,saved_models/split_json/chgnet_prop/composition/mf.composition.k9_outer-best-mre-epoch=22-val_mre=0.2768.ckpt,0.6481971740722656,0.5914321541786194,0.2768278419971466,0.4213447868824005
chgnet_prop,periodictablegroups,mf.periodictablegroups.k0_outer,saved_models/split_json/chgnet_prop/periodictablegroups/mf.periodictablegroups.k0_outer-best-mre-epoch=15-val_mre=0.3578.ckpt,0.5834380984306335,0.554555356502533,0.3578435182571411,0.3925299942493438
chgnet_prop,periodictablegroups,mf.periodictablegroups.k1_outer,saved_models/split_json/chgnet_prop/periodictablegroups/mf.periodictablegroups.k1_outer-best-mre-epoch=08-val_mre=0.3209.ckpt,0.74085533618927,0.6380876898765564,0.3208568096160888,0.1690217405557632
chgnet_prop,periodictablegroups,mf.periodictablegroups.k2_outer,saved_models/split_json/chgnet_prop/periodictablegroups/mf.periodictablegroups.k2_outer-best-mre-epoch=04-val_mre=0.2950.ckpt,0.6161787509918213,0.6175132989883423,0.2950484156608581,0.3460800051689148
chgnet_prop,periodictablegroups,mf.periodictablegroups.k3_outer,saved_models/split_json/chgnet_prop/periodictablegroups/mf.periodictablegroups.k3_outer-best-mre-epoch=05-val_mre=0.2876.ckpt,0.607955813407898,0.5777924656867981,0.2875643968582153,-0.032197318971157
chgnet_prop,periodictablegroups,mf.periodictablegroups.k4_outer,saved_models/split_json/chgnet_prop/periodictablegroups/mf.periodictablegroups.k4_outer-best-mre-epoch=13-val_mre=0.4961.ckpt,0.4907748401165008,0.5980179905891418,0.4961359798908233,0.4635278582572937
chgnet_prop,periodictablegroups,mf.periodictablegroups.k5_outer,saved_models/split_json/chgnet_prop/periodictablegroups/mf.periodictablegroups.k5_outer-best-mre-epoch=02-val_mre=0.3022.ckpt,0.7441273331642151,0.6660189032554626,0.3022044003009796,0.2143072038888931
chgnet_prop,periodictablegroups,mf.periodictablegroups.k6_outer,saved_models/split_json/chgnet_prop/periodictablegroups/mf.periodictablegroups.k6_outer-best-mre-epoch=05-val_mre=0.2904.ckpt,0.5981992483139038,0.5956947803497314,0.2904331982135772,0.3618808686733246
chgnet_prop,periodictablegroups,mf.periodictablegroups.k7_outer,saved_models/split_json/chgnet_prop/periodictablegroups/mf.periodictablegroups.k7_outer-best-mre-epoch=07-val_mre=0.3256.ckpt,0.6882461309432983,0.6137428879737854,0.3255695104598999,0.307974249124527
chgnet_prop,periodictablegroups,mf.periodictablegroups.k8_outer,saved_models/split_json/chgnet_prop/periodictablegroups/mf.periodictablegroups.k8_outer-best-mre-epoch=17-val_mre=0.4290.ckpt,1.196800947189331,0.7898736000061035,0.4289588034152984,-0.2540506422519684
chgnet_prop,periodictablegroups,mf.periodictablegroups.k9_outer,saved_models/split_json/chgnet_prop/periodictablegroups/mf.periodictablegroups.k9_outer-best-mre-epoch=06-val_mre=0.3285.ckpt,0.6123561263084412,0.5935168862342834,0.3285285830497741,0.3860421180725097
leftnet_prop,chemsys,mf.chemsys.k0_outer,saved_models/split_json/leftnet_prop/chemsys/mf.chemsys.k0_outer-best-mre-epoch=05-val_mre=0.2912.ckpt,0.5419386625289917,0.5562981963157654,0.2911567986011505,0.4822334051132202
leftnet_prop,chemsys,mf.chemsys.k1_outer,saved_models/split_json/leftnet_prop/chemsys/mf.chemsys.k1_outer-best-mre-epoch=03-val_mre=0.3037.ckpt,0.4885595738887787,0.5372422337532043,0.3036613166332245,0.5634546875953674
leftnet_prop,chemsys,mf.chemsys.k2_outer,saved_models/split_json/leftnet_prop/chemsys/mf.chemsys.k2_outer-best-mre-epoch=11-val_mre=0.3399.ckpt,0.7311170101165771,0.6343152523040771,0.3398699164390564,0.3003908693790436
leftnet_prop,chemsys,mf.chemsys.k3_outer,saved_models/split_json/leftnet_prop/chemsys/mf.chemsys.k3_outer-best-mre-epoch=02-val_mre=0.3154.ckpt,0.5686277151107788,0.5632126331329346,0.3153693675994873,0.4071387946605682
leftnet_prop,chemsys,mf.chemsys.k4_outer,saved_models/split_json/leftnet_prop/chemsys/mf.chemsys.k4_outer-best-mre-epoch=11-val_mre=0.2725.ckpt,0.6806391477584839,0.5946592092514038,0.272455483675003,0.3572129011154175
leftnet_prop,chemsys,mf.chemsys.k5_outer,saved_models/split_json/leftnet_prop/chemsys/mf.chemsys.k5_outer-best-mre-epoch=32-val_mre=0.2653.ckpt,0.5257511734962463,0.5540908575057983,0.2653432190418243,0.4715369343757629
leftnet_prop,chemsys,mf.chemsys.k6_outer,saved_models/split_json/leftnet_prop/chemsys/mf.chemsys.k6_outer-best-mre-epoch=38-val_mre=0.2950.ckpt,0.7545053362846375,0.6330820918083191,0.2950200736522674,0.1740377396345138
leftnet_prop,chemsys,mf.chemsys.k7_outer,saved_models/split_json/leftnet_prop/chemsys/mf.chemsys.k7_outer-best-mre-epoch=35-val_mre=0.4007.ckpt,0.8220242857933044,0.6886237859725952,0.4007343649864197,0.2365821599960327
leftnet_prop,chemsys,mf.chemsys.k8_outer,saved_models/split_json/leftnet_prop/chemsys/mf.chemsys.k8_outer-best-mre-epoch=49-val_mre=0.3116.ckpt,0.7761757969856262,0.6044288277626038,0.3116321861743927,0.1916816085577011
leftnet_prop,chemsys,mf.chemsys.k9_outer,saved_models/split_json/leftnet_prop/chemsys/mf.chemsys.k9_outer-best-mre-epoch=13-val_mre=0.3414.ckpt,0.6526260375976562,0.5985291600227356,0.341350108385086,0.4630932509899139
leftnet_prop,composition,mf.composition.k0_outer,saved_models/split_json/leftnet_prop/composition/mf.composition.k0_outer-best-mre-epoch=04-val_mre=0.3713.ckpt,0.793114185333252,0.6761143803596497,0.3712651133537292,0.2277881354093551
leftnet_prop,composition,mf.composition.k1_outer,saved_models/split_json/leftnet_prop/composition/mf.composition.k1_outer-best-mre-epoch=06-val_mre=0.3116.ckpt,0.6396676898002625,0.5780206322669983,0.3115919232368469,0.304265022277832
leftnet_prop,composition,mf.composition.k2_outer,saved_models/split_json/leftnet_prop/composition/mf.composition.k2_outer-best-mre-epoch=26-val_mre=0.2517.ckpt,0.6983145475387573,0.5947927236557007,0.2517398297786712,0.214506059885025
leftnet_prop,composition,mf.composition.k3_outer,saved_models/split_json/leftnet_prop/composition/mf.composition.k3_outer-best-mre-epoch=09-val_mre=0.2499.ckpt,0.3977763056755066,0.4781188368797302,0.2499017715454101,0.6155875325202942
leftnet_prop,composition,mf.composition.k4_outer,saved_models/split_json/leftnet_prop/composition/mf.composition.k4_outer-best-mre-epoch=13-val_mre=0.3093.ckpt,0.6182755827903748,0.5872111320495605,0.3093118965625763,0.388119637966156
leftnet_prop,composition,mf.composition.k5_outer,saved_models/split_json/leftnet_prop/composition/mf.composition.k5_outer-best-mre-epoch=11-val_mre=0.2792.ckpt,0.4770562052726745,0.5338088870048523,0.2791562974452972,0.520301878452301
leftnet_prop,composition,mf.composition.k6_outer,saved_models/split_json/leftnet_prop/composition/mf.composition.k6_outer-best-mre-epoch=03-val_mre=0.3890.ckpt,0.7301971316337585,0.6348548531532288,0.3889975547790527,0.3593977093696594
leftnet_prop,composition,mf.composition.k7_outer,saved_models/split_json/leftnet_prop/composition/mf.composition.k7_outer-best-mre-epoch=28-val_mre=0.3592.ckpt,0.8408275246620178,0.649536669254303,0.3592250347137451,0.2100382000207901
leftnet_prop,composition,mf.composition.k8_outer,saved_models/split_json/leftnet_prop/composition/mf.composition.k8_outer-best-mre-epoch=38-val_mre=0.3249.ckpt,0.683298647403717,0.6365065574645996,0.3249258697032928,0.368928998708725
leftnet_prop,composition,mf.composition.k9_outer,saved_models/split_json/leftnet_prop/composition/mf.composition.k9_outer-best-mre-epoch=05-val_mre=0.2535.ckpt,0.4871146380901336,0.5176912546157837,0.2535261511802673,0.5913116931915283
leftnet_prop,periodictablegroups,mf.periodictablegroups.k0_outer,saved_models/split_json/leftnet_prop/periodictablegroups/mf.periodictablegroups.k0_outer-best-mre-epoch=10-val_mre=0.4307.ckpt,0.7307256460189819,0.6513031721115112,0.4307131767272949,0.2790542244911194
leftnet_prop,periodictablegroups,mf.periodictablegroups.k1_outer,saved_models/split_json/leftnet_prop/periodictablegroups/mf.periodictablegroups.k1_outer-best-mre-epoch=03-val_mre=0.3234.ckpt,0.7212421298027039,0.6581961512565613,0.3233645558357239,0.213331401348114
leftnet_prop,periodictablegroups,mf.periodictablegroups.k2_outer,saved_models/split_json/leftnet_prop/periodictablegroups/mf.periodictablegroups.k2_outer-best-mre-epoch=05-val_mre=0.3010.ckpt,0.6931345462799072,0.6668227314949036,0.3009981513023376,0.2785986661911011
leftnet_prop,periodictablegroups,mf.periodictablegroups.k3_outer,saved_models/split_json/leftnet_prop/periodictablegroups/mf.periodictablegroups.k3_outer-best-mre-epoch=04-val_mre=0.2906.ckpt,0.561316967010498,0.5547859072685242,0.2906151413917541,0.0468973591923713
leftnet_prop,periodictablegroups,mf.periodictablegroups.k4_outer,saved_models/split_json/leftnet_prop/periodictablegroups/mf.periodictablegroups.k4_outer-best-mre-epoch=04-val_mre=0.5125.ckpt,0.7005478143692017,0.7033966779708862,0.5124914050102234,0.234222412109375
leftnet_prop,periodictablegroups,mf.periodictablegroups.k5_outer,saved_models/split_json/leftnet_prop/periodictablegroups/mf.periodictablegroups.k5_outer-best-mre-epoch=06-val_mre=0.3545.ckpt,1.0418367385864258,0.8155729174613953,0.3544761538505554,-0.0306453332304954
leftnet_prop,periodictablegroups,mf.periodictablegroups.k6_outer,saved_models/split_json/leftnet_prop/periodictablegroups/mf.periodictablegroups.k6_outer-best-mre-epoch=04-val_mre=0.3295.ckpt,0.7928186655044556,0.7014979124069214,0.3295278549194336,0.1532321870326995
leftnet_prop,periodictablegroups,mf.periodictablegroups.k7_outer,saved_models/split_json/leftnet_prop/periodictablegroups/mf.periodictablegroups.k7_outer-best-mre-epoch=05-val_mre=0.3216.ckpt,0.6506359577178955,0.6162908673286438,0.3216327130794525,0.3806091845035553
leftnet_prop,periodictablegroups,mf.periodictablegroups.k8_outer,saved_models/split_json/leftnet_prop/periodictablegroups/mf.periodictablegroups.k8_outer-best-mre-epoch=05-val_mre=0.4064.ckpt,0.8294240832328796,0.6677649021148682,0.4063927233219147,0.1321430206298828
leftnet_prop,periodictablegroups,mf.periodictablegroups.k9_outer,saved_models/split_json/leftnet_prop/periodictablegroups/mf.periodictablegroups.k9_outer-best-mre-epoch=00-val_mre=0.3483.ckpt,0.5748289823532104,0.5918106436729431,0.3482977747917175,0.4830381572246551
leftnet_z,chemsys,mf.chemsys.k0_outer,saved_models/split_json/leftnet_z/chemsys/mf.chemsys.k0_outer-best-mre-epoch=15-val_mre=0.3183.ckpt,0.6053099632263184,0.6155118346214294,0.318257600069046,0.4195852875709533
leftnet_z,chemsys,mf.chemsys.k1_outer,saved_models/split_json/leftnet_z/chemsys/mf.chemsys.k1_outer-best-mre-epoch=04-val_mre=0.3452.ckpt,0.5560656189918518,0.5719819664955139,0.3451678156852722,0.5069862008094788
leftnet_z,chemsys,mf.chemsys.k2_outer,saved_models/split_json/leftnet_z/chemsys/mf.chemsys.k2_outer-best-mre-epoch=14-val_mre=0.3585.ckpt,0.8481243252754211,0.6677242517471313,0.3585484623908996,0.1838864088058471
leftnet_z,chemsys,mf.chemsys.k3_outer,saved_models/split_json/leftnet_z/chemsys/mf.chemsys.k3_outer-best-mre-epoch=23-val_mre=0.3186.ckpt,0.5175787210464478,0.5649185180664062,0.3185643553733825,0.4509173631668091
leftnet_z,chemsys,mf.chemsys.k4_outer,saved_models/split_json/leftnet_z/chemsys/mf.chemsys.k4_outer-best-mre-epoch=34-val_mre=0.2988.ckpt,0.7358486652374268,0.6480740308761597,0.2988492846488952,0.3114073276519775
leftnet_z,chemsys,mf.chemsys.k5_outer,saved_models/split_json/leftnet_z/chemsys/mf.chemsys.k5_outer-best-mre-epoch=26-val_mre=0.3111.ckpt,0.5192204117774963,0.5444356799125671,0.3110536932945251,0.4747764766216278
leftnet_z,chemsys,mf.chemsys.k6_outer,saved_models/split_json/leftnet_z/chemsys/mf.chemsys.k6_outer-best-mre-epoch=00-val_mre=0.3339.ckpt,0.7830080389976501,0.6669871211051941,0.3338592946529388,0.1697219014167785
leftnet_z,chemsys,mf.chemsys.k7_outer,saved_models/split_json/leftnet_z/chemsys/mf.chemsys.k7_outer-best-mre-epoch=13-val_mre=0.4007.ckpt,0.8101218938827515,0.6815986633300781,0.400740772485733,0.2492851912975311
leftnet_z,chemsys,mf.chemsys.k8_outer,saved_models/split_json/leftnet_z/chemsys/mf.chemsys.k8_outer-best-mre-epoch=16-val_mre=0.3735.ckpt,0.6697597503662109,0.626015305519104,0.3734910786151886,0.3093825876712799
leftnet_z,chemsys,mf.chemsys.k9_outer,saved_models/split_json/leftnet_z/chemsys/mf.chemsys.k9_outer-best-mre-epoch=12-val_mre=0.3322.ckpt,0.6951940655708313,0.6304275989532471,0.3321679234504699,0.4264371991157532
leftnet_z,composition,mf.composition.k0_outer,saved_models/split_json/leftnet_z/composition/mf.composition.k0_outer-best-mre-epoch=27-val_mre=0.3635.ckpt,0.8310257792472839,0.67622309923172,0.3634810447692871,0.179365649819374
leftnet_z,composition,mf.composition.k1_outer,saved_models/split_json/leftnet_z/composition/mf.composition.k1_outer-best-mre-epoch=19-val_mre=0.3197.ckpt,0.6303126811981201,0.5838253498077393,0.3197298943996429,0.3149597346782684
leftnet_z,composition,mf.composition.k2_outer,saved_models/split_json/leftnet_z/composition/mf.composition.k2_outer-best-mre-epoch=34-val_mre=0.2581.ckpt,0.5960872769355774,0.5716564059257507,0.2580997049808502,0.3367553055286407
leftnet_z,composition,mf.composition.k3_outer,saved_models/split_json/leftnet_z/composition/mf.composition.k3_outer-best-mre-epoch=07-val_mre=0.2793.ckpt,0.4820718765258789,0.5403205156326294,0.2793108820915222,0.5328962802886963
leftnet_z,composition,mf.composition.k4_outer,saved_models/split_json/leftnet_z/composition/mf.composition.k4_outer-best-mre-epoch=23-val_mre=0.3492.ckpt,0.7145690321922302,0.6353577375411987,0.3491954207420349,0.2996211349964142
leftnet_z,composition,mf.composition.k5_outer,saved_models/split_json/leftnet_z/composition/mf.composition.k5_outer-best-mre-epoch=23-val_mre=0.2918.ckpt,0.5734401345252991,0.6045490503311157,0.2918254137039184,0.4089094996452331
leftnet_z,composition,mf.composition.k6_outer,saved_models/split_json/leftnet_z/composition/mf.composition.k6_outer-best-mre-epoch=09-val_mre=0.4547.ckpt,0.9036946296691896,0.7269167900085449,0.4547255039215088,0.2066036313772201
leftnet_z,composition,mf.composition.k7_outer,saved_models/split_json/leftnet_z/composition/mf.composition.k7_outer-best-mre-epoch=14-val_mre=0.3854.ckpt,0.7664621472358704,0.6604562401771545,0.3854096829891205,0.2969981729984283
leftnet_z,composition,mf.composition.k8_outer,saved_models/split_json/leftnet_z/composition/mf.composition.k8_outer-best-mre-epoch=08-val_mre=0.3522.ckpt,0.670061469078064,0.6318120956420898,0.352187842130661,0.3821218907833099
leftnet_z,composition,mf.composition.k9_outer,saved_models/split_json/leftnet_z/composition/mf.composition.k9_outer-best-mre-epoch=15-val_mre=0.2908.ckpt,0.5748581886291504,0.5787965655326843,0.2907648682594299,0.5223500728607178
leftnet_z,periodictablegroups,mf.periodictablegroups.k0_outer,saved_models/split_json/leftnet_z/periodictablegroups/mf.periodictablegroups.k0_outer-best-mre-epoch=11-val_mre=0.4500.ckpt,0.8321308493614197,0.691063642501831,0.450043648481369,0.1832619309425354
leftnet_z,periodictablegroups,mf.periodictablegroups.k1_outer,saved_models/split_json/leftnet_z/periodictablegroups/mf.periodictablegroups.k1_outer-best-mre-epoch=07-val_mre=0.3600.ckpt,0.8303316235542297,0.7037831544876099,0.3599759042263031,0.1012516170740127
leftnet_z,periodictablegroups,mf.periodictablegroups.k2_outer,saved_models/split_json/leftnet_z/periodictablegroups/mf.periodictablegroups.k2_outer-best-mre-epoch=18-val_mre=0.3183.ckpt,0.7136848568916321,0.6559760570526123,0.318318098783493,0.2629114389419555
leftnet_z,periodictablegroups,mf.periodictablegroups.k3_outer,saved_models/split_json/leftnet_z/periodictablegroups/mf.periodictablegroups.k3_outer-best-mre-epoch=05-val_mre=0.3173.ckpt,0.537121057510376,0.584760308265686,0.3173038363456726,0.0795616209506988
leftnet_z,periodictablegroups,mf.periodictablegroups.k4_outer,saved_models/split_json/leftnet_z/periodictablegroups/mf.periodictablegroups.k4_outer-best-mre-epoch=49-val_mre=0.6982.ckpt,1.0720417499542236,0.800371527671814,0.6982249617576599,-0.1718623787164688
leftnet_z,periodictablegroups,mf.periodictablegroups.k5_outer,saved_models/split_json/leftnet_z/periodictablegroups/mf.periodictablegroups.k5_outer-best-mre-epoch=14-val_mre=0.3657.ckpt,1.0749348402023315,0.8391213417053223,0.3656901121139526,-0.0705076828598976
leftnet_z,periodictablegroups,mf.periodictablegroups.k6_outer,saved_models/split_json/leftnet_z/periodictablegroups/mf.periodictablegroups.k6_outer-best-mre-epoch=00-val_mre=0.3395.ckpt,0.7770269513130188,0.6950321197509766,0.3395006060600281,0.1738819330930709
leftnet_z,periodictablegroups,mf.periodictablegroups.k7_outer,saved_models/split_json/leftnet_z/periodictablegroups/mf.periodictablegroups.k7_outer-best-mre-epoch=09-val_mre=0.3635.ckpt,0.8195565342903137,0.6865381598472595,0.3634680509567261,0.2146562933921814
leftnet_z,periodictablegroups,mf.periodictablegroups.k8_outer,saved_models/split_json/leftnet_z/periodictablegroups/mf.periodictablegroups.k8_outer-best-mre-epoch=10-val_mre=0.6065.ckpt,1.1841307878494265,0.9202403426170348,0.6065168380737305,-0.2389997243881225
leftnet_z,periodictablegroups,mf.periodictablegroups.k9_outer,saved_models/split_json/leftnet_z/periodictablegroups/mf.periodictablegroups.k9_outer-best-mre-epoch=24-val_mre=0.3233.ckpt,0.5310353636741638,0.5309285521507263,0.323280781507492,0.522477924823761
alignn_prop,crystalsys,mf.crystalsys.k0_outer,output/crystalsys/alignn_prop_9056193.txt,0.7404958605766296,0.6887122392654419,0.3769423365592956,0.3963765799999237
alignn_prop,crystalsys,mf.crystalsys.k1_outer,output/crystalsys/alignn_prop_9056193.txt,0.5202698111534119,0.5455064177513123,0.2784755527973175,0.5199291110038757
alignn_prop,crystalsys,mf.crystalsys.k2_outer,output/crystalsys/alignn_prop_9056193.txt,0.9996026158332824,0.7408636212348938,0.3200591206550598,0.1820832043886184
alignn_prop,crystalsys,mf.crystalsys.k3_outer,output/crystalsys/alignn_prop_9056193.txt,0.6198961138725281,0.5835606455802917,0.3068911731243133,0.3531974852085113
alignn_prop,crystalsys,mf.crystalsys.k4_outer,output/crystalsys/alignn_prop_9056193.txt,0.7167980670928955,0.6461533904075623,0.3607424199581146,0.2879956662654876
alignn_prop,crystalsys,mf.crystalsys.k5_outer,output/crystalsys/alignn_prop_9056193.txt,0.4894374310970306,0.5120115280151367,0.249567300081253,0.5040114521980286
alignn_prop,crystalsys,mf.crystalsys.k6_outer,output/crystalsys/alignn_prop_9056193.txt,0.4740716814994812,0.4936179220676422,0.249761015176773,0.388584166765213
alignn_z,crystalsys,mf.crystalsys.k0_outer,output/crystalsys/alignn_z_9056194.txt,1.021930456161499,0.7990468740463257,0.3945420980453491,0.1526853144168853
alignn_z,crystalsys,mf.crystalsys.k1_outer,output/crystalsys/alignn_z_9056194.txt,0.6084998846054077,0.5929937958717346,0.3165172338485718,0.4323666989803314
alignn_z,crystalsys,mf.crystalsys.k2_outer,output/crystalsys/alignn_z_9056194.txt,0.8535473942756653,0.6828545928001404,0.2966102659702301,0.3010225594043731
alignn_z,crystalsys,mf.crystalsys.k3_outer,output/crystalsys/alignn_z_9056194.txt,0.578438937664032,0.5540336966514587,0.3271583616733551,0.4187478423118591
alignn_z,crystalsys,mf.crystalsys.k4_outer,output/crystalsys/alignn_z_9056194.txt,1.2050528526306152,0.8275970220565796,0.3844886124134063,-0.1533445566892624
alignn_z,crystalsys,mf.crystalsys.k5_outer,output/crystalsys/alignn_z_9056194.txt,0.58567875623703,0.5918442606925964,0.2379537224769592,0.4167936444282532
alignn_z,crystalsys,mf.crystalsys.k6_outer,output/crystalsys/alignn_z_9056194.txt,0.4644361734390259,0.4912044703960418,0.2551198005676269,0.3651479482650757
cartnet_prop,crystalsys,mf.crystalsys.k0_outer,output/crystalsys/cartnet_prop_9056195.txt,0.8485773801803589,0.6958228945732117,0.4071138799190521,0.35985067486763
cartnet_prop,crystalsys,mf.crystalsys.k1_outer,output/crystalsys/cartnet_prop_9056195.txt,1.8221439123153689,0.6309959888458252,0.3233429789543152,-0.8426802754402161
cartnet_prop,crystalsys,mf.crystalsys.k2_outer,output/crystalsys/cartnet_prop_9056195.txt,0.9502122402191162,0.7319620251655579,0.3137789666652679,0.2470080703496933
cartnet_prop,crystalsys,mf.crystalsys.k3_outer,output/crystalsys/cartnet_prop_9056195.txt,0.7844369411468506,0.5904342532157898,0.3199391663074493,0.1917432248592376
cartnet_prop,crystalsys,mf.crystalsys.k4_outer,output/crystalsys/cartnet_prop_9056195.txt,1.168160080909729,0.7917948961257935,0.3969057500362396,-0.0388425588607788
cartnet_prop,crystalsys,mf.crystalsys.k5_outer,output/crystalsys/cartnet_prop_9056195.txt,0.8381897211074829,0.5744585990905762,0.2507157623767853,0.1954058408737182
cartnet_prop,crystalsys,mf.crystalsys.k6_outer,output/crystalsys/cartnet_prop_9056195.txt,0.5749804377555847,0.5350207686424255,0.2482348978519439,0.2704717516899109
cartnet_z,crystalsys,mf.crystalsys.k0_outer,output/crystalsys/cartnet_z_9056196.txt,0.872066080570221,0.7585119009017944,0.4612990915775299,0.3478121161460876
cartnet_z,crystalsys,mf.crystalsys.k1_outer,output/crystalsys/cartnet_z_9056196.txt,0.6724188327789307,0.6146602630615234,0.3170899748802185,0.3840096294879913
cartnet_z,crystalsys,mf.crystalsys.k2_outer,output/crystalsys/cartnet_z_9056196.txt,0.865872323513031,0.6875959038734436,0.3212531507015228,0.317120760679245
cartnet_z,crystalsys,mf.crystalsys.k3_outer,output/crystalsys/cartnet_z_9056196.txt,0.6727895736694336,0.5797742009162903,0.3106698393821716,0.2924351096153259
cartnet_z,crystalsys,mf.crystalsys.k4_outer,output/crystalsys/cartnet_z_9056196.txt,1.067688226699829,0.7779704332351685,0.421171098947525,0.0354559086263179
cartnet_z,crystalsys,mf.crystalsys.k5_outer,output/crystalsys/cartnet_z_9056196.txt,3.529480218887329,0.7317864298820496,0.2988530397415161,-2.387674570083618
cartnet_z,crystalsys,mf.crystalsys.k6_outer,output/crystalsys/cartnet_z_9056196.txt,0.5683233737945557,0.5542234778404236,0.2674254477024078,0.2824837565422058
cgcnn,crystalsys,mf.crystalsys.k0_outer,output/crystalsys/cgcnn_9056197.txt,1.0104812383651731,0.6848115921020508,0.3442281782627105,0.2518942654132843
cgcnn,crystalsys,mf.crystalsys.k1_outer,output/crystalsys/cgcnn_9056197.txt,0.7767097353935242,0.5891173481941223,0.3210904002189636,0.2945848703384399
cgcnn,crystalsys,mf.crystalsys.k2_outer,output/crystalsys/cgcnn_9056197.txt,0.7838001251220703,0.6025915741920471,0.2505601346492767,0.3729207217693329
cgcnn,crystalsys,mf.crystalsys.k3_outer,output/crystalsys/cgcnn_9056197.txt,0.6597667932510376,0.584385871887207,0.3231508433818817,0.3349959552288055
cgcnn,crystalsys,mf.crystalsys.k4_outer,output/crystalsys/cgcnn_9056197.txt,1.822994351387024,0.8513743877410889,0.4772913753986358,-0.635181188583374
cgcnn,crystalsys,mf.crystalsys.k5_outer,output/crystalsys/cgcnn_9056197.txt,0.3519358038902282,0.417422890663147,0.208777517080307,0.663124680519104
cgcnn,crystalsys,mf.crystalsys.k6_outer,output/crystalsys/cgcnn_9056197.txt,0.6459175944328308,0.6002994179725647,0.3078512549400329,0.1741992682218551
chgnet_prop,crystalsys,mf.crystalsys.k0_outer,output/crystalsys/chgnet_prop_9056199.txt,1.0084030628204346,0.7977322936058044,0.4390182495117187,0.2022392898797989
chgnet_prop,crystalsys,mf.crystalsys.k1_outer,output/crystalsys/chgnet_prop_9056199.txt,0.7768710851669312,0.6991645097732544,0.3783560991287231,0.2660109400749206
chgnet_prop,crystalsys,mf.crystalsys.k2_outer,output/crystalsys/chgnet_prop_9056199.txt,1.0675290822982788,0.7734430432319641,0.3585190773010254,0.1361474096775055
chgnet_prop,crystalsys,mf.crystalsys.k3_outer,output/crystalsys/chgnet_prop_9056199.txt,0.9162694811820984,0.7476739883422852,0.4207137525081634,0.0553645901381969
chgnet_prop,crystalsys,mf.crystalsys.k4_outer,output/crystalsys/chgnet_prop_9056199.txt,1.473004937171936,0.9244437217712402,0.5165019035339355,-0.3435852825641632
chgnet_prop,crystalsys,mf.crystalsys.k5_outer,output/crystalsys/chgnet_prop_9056199.txt,0.7682088017463684,0.6787447333335876,0.3405799567699432,0.229036271572113
chgnet_prop,crystalsys,mf.crystalsys.k6_outer,output/crystalsys/chgnet_prop_9056199.txt,0.6952762007713318,0.6447382569313049,0.3132916390895843,0.0922471731901168
chgnet_z,crystalsys,mf.crystalsys.k0_outer,output/crystalsys/chgnet_z_9056200.txt,1.1783852577209473,0.8435418605804443,0.5074930191040039,0.0682654380798339
chgnet_z,crystalsys,mf.crystalsys.k1_outer,output/crystalsys/chgnet_z_9056200.txt,0.7725396156311035,0.6788675785064697,0.3608737885951996,0.2688980400562286
chgnet_z,crystalsys,mf.crystalsys.k2_outer,output/crystalsys/chgnet_z_9056200.txt,0.7354516983032227,0.6260195970535278,0.2988266050815582,0.4029125273227691
chgnet_z,crystalsys,mf.crystalsys.k3_outer,output/crystalsys/chgnet_z_9056200.txt,0.6810221076011658,0.6052582859992981,0.3357579708099365,0.2833928763866424
chgnet_z,crystalsys,mf.crystalsys.k4_outer,output/crystalsys/chgnet_z_9056200.txt,1.0270496606826782,0.8196824193000793,0.4421979188919067,0.0272202417254447
chgnet_z,crystalsys,mf.crystalsys.k5_outer,output/crystalsys/chgnet_z_9056200.txt,0.4989777505397796,0.5157417058944702,0.2677647173404693,0.502466082572937
chgnet_z,crystalsys,mf.crystalsys.k6_outer,output/crystalsys/chgnet_z_9056200.txt,0.5571322441101074,0.5415164828300476,0.2829028367996216,0.255703866481781
leftnet_prop,crystalsys,mf.crystalsys.k0_outer,output/crystalsys/leftnet_prop_9056206.txt,0.95155531167984,0.7548829913139343,0.4376987218856811,0.2276796847581863
leftnet_prop,crystalsys,mf.crystalsys.k1_outer,output/crystalsys/leftnet_prop_9056201.txt,0.5475864410400391,0.5566094517707825,0.3070138096809387,0.4931108355522156
leftnet_prop,crystalsys,mf.crystalsys.k2_outer,output/crystalsys/leftnet_prop_9056206.txt,1.2456550598144531,0.8160400390625,0.3371084630489349,-0.0165726765990257
leftnet_prop,crystalsys,mf.crystalsys.k3_outer,output/crystalsys/leftnet_prop_9056201.txt,0.5794743299484253,0.5712345242500305,0.3151237666606903,0.3967380821704864
leftnet_prop,crystalsys,mf.crystalsys.k4_outer,output/crystalsys/leftnet_prop_9056201.txt,0.9994454383850098,0.7717494964599609,0.3952951431274414,0.0492135807871818
leftnet_prop,crystalsys,mf.crystalsys.k5_outer,output/crystalsys/leftnet_prop_9056206.txt,0.5206834673881531,0.5215618014335632,0.2591597139835357,0.4913645982742309
leftnet_prop,crystalsys,mf.crystalsys.k6_outer,output/crystalsys/leftnet_prop_9056201.txt,0.462369829416275,0.5150452256202698,0.2578449547290802,0.4081696569919586
leftnet_z,crystalsys,mf.crystalsys.k0_outer,output/crystalsys/leftnet_z_9056202.txt,0.7735018730163574,0.6765103936195374,0.4060547053813934,0.378141701221466
leftnet_z,crystalsys,mf.crystalsys.k1_outer,output/crystalsys/leftnet_z_9056202.txt,0.597942054271698,0.5999090671539307,0.3215188682079315,0.4494222700595855
leftnet_z,crystalsys,mf.crystalsys.k2_outer,output/crystalsys/leftnet_z_9056202.txt,0.85870760679245,0.7279375791549683,0.3614574670791626,0.3085649907588959
leftnet_z,crystalsys,mf.crystalsys.k3_outer,output/crystalsys/leftnet_z_9056202.txt,0.6505650877952576,0.612887442111969,0.3422059416770935,0.3304561972618103
leftnet_z,crystalsys,mf.crystalsys.k4_outer,output/crystalsys/leftnet_z_9056202.txt,1.0920333862304688,0.806508481502533,0.4124056696891784,-0.060595653951168
leftnet_z,crystalsys,mf.crystalsys.k5_outer,output/crystalsys/leftnet_z_9056202.txt,0.612815260887146,0.6173748970031738,0.3396414220333099,0.3836170434951782
leftnet_z,crystalsys,mf.crystalsys.k6_outer,output/crystalsys/leftnet_z_9056202.txt,0.4652257859706878,0.5340936183929443,0.269092321395874,0.4044271111488342
linear_regression,chemsys,mf.chemsys.k0_outer,output/split/chemsys_lr.log,0.6446429104445798,0.6454733499007469,0.3476085760925882,0.4079962178158575
linear_regression,chemsys,mf.chemsys.k1_outer,output/split/chemsys_lr.log,0.6877841821654027,0.6588688358430285,0.381424991209773,0.3851084404432119
linear_regression,chemsys,mf.chemsys.k2_outer,output/split/chemsys_lr.log,0.7448845192155645,0.681206179990334,0.3818174816883554,0.2901156607096515
linear_regression,chemsys,mf.chemsys.k3_outer,output/split/chemsys_lr.log,0.574480414390564,0.5733397006988525,0.3149402141571045,0.4104233980178833
linear_regression,chemsys,mf.chemsys.k4_outer,output/split/chemsys_lr.log,0.8972893357276917,0.7130770087242126,0.3557551503181457,0.1991320848464965
linear_regression,chemsys,mf.chemsys.k5_outer,output/split/chemsys_lr.log,0.5944677736336027,0.6082675135563923,0.33080057340961,0.4194092415202453
linear_regression,chemsys,mf.chemsys.k6_outer,output/split/chemsys_lr.log,0.7061418057814214,0.6655029852339506,0.3312383812341555,0.2966304120529939
linear_regression,chemsys,mf.chemsys.k7_outer,output/split/chemsys_lr.log,0.9163721799850464,0.7366845011711121,0.4275909066200256,0.1647223234176635
linear_regression,chemsys,mf.chemsys.k8_outer,output/split/chemsys_lr.log,0.6947559118270874,0.6662908792495728,0.371363490819931,0.2871639728546142
linear_regression,chemsys,mf.chemsys.k9_outer,output/split/chemsys_lr.log,0.715082745063263,0.6549551833550775,0.3642651435737776,0.4162787513582129
random_forest,chemsys,mf.chemsys.k0_outer,output/split/chemsys_rf.log,0.4607041117048472,0.5247038703715668,0.2997758991020401,0.5769152624218572
random_forest,chemsys,mf.chemsys.k1_outer,output/split/chemsys_rf.log,0.495189895507201,0.5351317604029441,0.312882525828151,0.5572912331793629
random_forest,chemsys,mf.chemsys.k2_outer,output/split/chemsys_rf.log,0.6890962153006659,0.6338988800593786,0.3633726140004095,0.3432826177924259
random_forest,chemsys,mf.chemsys.k3_outer,output/split/chemsys_rf.log,0.4237315642497318,0.48460463653475,0.2649895024731347,0.5651336423478919
random_forest,chemsys,mf.chemsys.k4_outer,output/split/chemsys_rf.log,0.5455239088579987,0.5605428849395953,0.2654580934281468,0.5130972982738488
random_forest,chemsys,mf.chemsys.k5_outer,output/split/chemsys_rf.log,0.3493640389193058,0.4368412707274757,0.2401500247778169,0.6587913738336164
random_forest,chemsys,mf.chemsys.k6_outer,output/split/chemsys_rf.log,0.5642712728868967,0.5424370216300501,0.2684791919168295,0.4379439803006897
random_forest,chemsys,mf.chemsys.k7_outer,output/split/chemsys_rf.log,0.7266302958073444,0.633406022930784,0.3716274691970539,0.3376730234995307
random_forest,chemsys,mf.chemsys.k8_outer,output/split/chemsys_rf.log,0.5554840580751038,0.5638218844621442,0.3198846945774712,0.4300601919593939
random_forest,chemsys,mf.chemsys.k9_outer,output/split/chemsys_rf.log,0.5901424313993465,0.583695716485239,0.3215273610243919,0.5182673902969774
svr,chemsys,mf.chemsys.k0_outer,output/split/chemsys_svr.log,0.4693321432809548,0.5166307123276979,0.2880959537088074,0.5689917636241473
svr,chemsys,mf.chemsys.k1_outer,output/split/chemsys_svr.log,0.5552567738693261,0.5336988441980803,0.3296573071848159,0.5035903521885979
svr,chemsys,mf.chemsys.k2_outer,output/split/chemsys_svr.log,0.7350924952055321,0.616516663293323,0.3334313597759329,0.2994475830618538
svr,chemsys,mf.chemsys.k3_outer,output/split/chemsys_svr.log,0.4293783965507708,0.4758954648903345,0.2459794539527599,0.5593384229160492
svr,chemsys,mf.chemsys.k4_outer,output/split/chemsys_svr.log,0.5860455050832595,0.5568135978130784,0.255573624326444,0.4769300939406076
svr,chemsys,mf.chemsys.k5_outer,output/split/chemsys_svr.log,0.356362574989608,0.4416144672172243,0.2219740507053181,0.6519562087573525
svr,chemsys,mf.chemsys.k6_outer,output/split/chemsys_svr.log,0.5287188524232396,0.5128451357351956,0.2611759536031178,0.4733568267393293
svr,chemsys,mf.chemsys.k7_outer,output/split/chemsys_svr.log,0.6855777735843286,0.624564144641636,0.3574495774973565,0.375092593091627
svr,chemsys,mf.chemsys.k8_outer,output/split/chemsys_svr.log,0.6027082632708097,0.5703115915875401,0.326666532137246,0.3816070382588572
svr,chemsys,mf.chemsys.k9_outer,output/split/chemsys_svr.log,0.6425706475593022,0.5850298138143125,0.320208676804981,0.4754702958177319
linear_regression,crystalsys,mf.crystalsys.k0_outer,output/split/crystalsys/crystalsys_lr.log,0.8057943762049845,0.7183578756149988,0.4281054072606409,0.4090057493116784
linear_regression,crystalsys,mf.crystalsys.k1_outer,output/split/crystalsys/crystalsys_lr.log,0.6176869383875474,0.607421248894648,0.3229239622720662,0.44366568981538
linear_regression,crystalsys,mf.crystalsys.k2_outer,output/split/crystalsys/crystalsys_lr.log,1.2237963676452637,0.8466435670852661,0.4076632857322693,0.0535567998886108
linear_regression,crystalsys,mf.crystalsys.k3_outer,output/split/crystalsys/crystalsys_lr.log,0.6881125936113505,0.6561769547978825,0.3707899968817607,0.2999711712296338
linear_regression,crystalsys,mf.crystalsys.k4_outer,output/split/crystalsys/crystalsys_lr.log,1.5129607915878296,0.9027981758117676,0.5101348161697388,-0.3405745029449463
linear_regression,crystalsys,mf.crystalsys.k5_outer,output/split/crystalsys/crystalsys_lr.log,0.6206266283988953,0.6141016483306885,0.3224294483661651,0.4088109135627746
linear_regression,crystalsys,mf.crystalsys.k6_outer,output/split/crystalsys/crystalsys_lr.log,0.5079843384942085,0.5587710295469138,0.2930151804949244,0.3743566779326771
random_forest,crystalsys,mf.crystalsys.k0_outer,output/split/crystalsys/crystalsys_rf.log,0.7254426933837476,0.667497820336079,0.3906402030393713,0.4679381320420369
random_forest,crystalsys,mf.crystalsys.k1_outer,output/split/crystalsys/crystalsys_rf.log,0.5256912857874277,0.540874509716737,0.2976478141287541,0.5265237441930171
random_forest,crystalsys,mf.crystalsys.k2_outer,output/split/crystalsys/crystalsys_rf.log,0.8378584667608252,0.694424479073543,0.3313177057274769,0.3520281961144056
random_forest,crystalsys,mf.crystalsys.k3_outer,output/split/crystalsys/crystalsys_rf.log,0.5428960589942277,0.5678498007401791,0.3164198198611642,0.4477024605417598
random_forest,crystalsys,mf.crystalsys.k4_outer,output/split/crystalsys/crystalsys_rf.log,0.6910257419238253,0.6593761999164398,0.3674636166295492,0.387709523387609
random_forest,crystalsys,mf.crystalsys.k5_outer,output/split/crystalsys/crystalsys_rf.log,0.4128946529755165,0.4910796132587618,0.272196075938541,0.6066897567269665
random_forest,crystalsys,mf.crystalsys.k6_outer,output/split/crystalsys/crystalsys_rf.log,0.4330984697714062,0.4861520953933921,0.2529087398853618,0.4665875601337148
svr,crystalsys,mf.crystalsys.k0_outer,output/split/crystalsys/crystalsys_svr.log,0.6054212844646236,0.5880110663260346,0.3215209235753504,0.5559655056814256
svr,crystalsys,mf.crystalsys.k1_outer,output/split/crystalsys/crystalsys_svr.log,0.538619501283108,0.5415576129916564,0.2924385618226993,0.5148796419743706
svr,crystalsys,mf.crystalsys.k2_outer,output/split/crystalsys/crystalsys_svr.log,0.8625042391006464,0.6628014780633434,0.3130647783871602,0.3329679774799542
svr,crystalsys,mf.crystalsys.k3_outer,output/split/crystalsys/crystalsys_svr.log,0.5210006100993043,0.526527721851039,0.3005880215937819,0.4699770789510424
svr,crystalsys,mf.crystalsys.k4_outer,output/split/crystalsys/crystalsys_svr.log,0.8585647335513523,0.7034212186241969,0.3913561139792348,0.239259874103652
svr,crystalsys,mf.crystalsys.k5_outer,output/split/crystalsys/crystalsys_svr.log,0.4460315746399236,0.5112108730209989,0.2780695549849074,0.5751245847703312
svr,crystalsys,mf.crystalsys.k6_outer,output/split/crystalsys/crystalsys_svr.log,0.471818593537565,0.4930234063434167,0.2512189971944282,0.4188991078957456
linear_regression,periodictablegroups,mf.periodictablegroups.k0_outer,output/split/ptgroups_lr.log,1.2620388269424438,0.854361891746521,0.512215256690979,-0.21913623809814453
linear_regression,periodictablegroups,mf.periodictablegroups.k1_outer,output/split/ptgroups_lr.log,1.9971916675567627,1.0584510564804077,0.47153225541114807,-1.0135860443115234
linear_regression,periodictablegroups,mf.periodictablegroups.k2_outer,output/split/ptgroups_lr.log,0.6843295754645773,0.6598195292843503,0.3080670245504424,0.32881052169299385
linear_regression,periodictablegroups,mf.periodictablegroups.k3_outer,output/split/ptgroups_lr.log,1.779951810836792,1.0641664266586304,0.5483490824699402,-1.9075429439544678
linear_regression,periodictablegroups,mf.periodictablegroups.k4_outer,output/split/ptgroups_lr.log,1.0003879619854765,0.8199646275331764,0.6918580304946805,-0.09353653297659847
linear_regression,periodictablegroups,mf.periodictablegroups.k5_outer,output/split/ptgroups_lr.log,3.123426439909175,1.492795220275186,0.535568950900495,-1.9706410479365921
linear_regression,periodictablegroups,mf.periodictablegroups.k6_outer,output/split/ptgroups_lr.log,0.8104478214700231,0.7171301365668029,0.3586811312108465,0.16427800191963848
linear_regression,periodictablegroups,mf.periodictablegroups.k7_outer,output/split/ptgroups_lr.log,2.315505027770996,0.994087278842926,0.5075035691261292,-1.1671555042266846
linear_regression,periodictablegroups,mf.periodictablegroups.k8_outer,output/split/ptgroups_lr.log,1.3122549057006836,0.8900961875915527,0.5115512013435364,-0.3730607032775879
linear_regression,periodictablegroups,mf.periodictablegroups.k9_outer,output/split/ptgroups_lr.log,0.6292265314160732,0.5796942336595569,0.3597829453005016,0.4343468174717702
random_forest,periodictablegroups,mf.periodictablegroups.k0_outer,output/split/ptgroups_rf.log,0.7827099516267957,0.7041970123093044,0.4706567803490594,0.24389800169079667
random_forest,periodictablegroups,mf.periodictablegroups.k1_outer,output/split/ptgroups_rf.log,0.7886387639422701,0.6935526565351885,0.3119356208350769,0.20488745850953438
random_forest,periodictablegroups,mf.periodictablegroups.k2_outer,output/split/ptgroups_rf.log,0.6891920891246051,0.673444056055078,0.3094757980159217,0.3240413751826753
random_forest,periodictablegroups,mf.periodictablegroups.k3_outer,output/split/ptgroups_rf.log,0.5170355440136252,0.568609762225252,0.32652295789241353,0.15542494979582244
random_forest,periodictablegroups,mf.periodictablegroups.k4_outer,output/split/ptgroups_rf.log,0.6813189173208201,0.6618295615851879,0.587571210860279,0.2552418111672602
random_forest,periodictablegroups,mf.periodictablegroups.k5_outer,output/split/ptgroups_rf.log,1.0814914367546633,0.8269267654118743,0.3609323158563838,-0.02858924864218837
random_forest,periodictablegroups,mf.periodictablegroups.k6_outer,output/split/ptgroups_rf.log,0.6825553736176382,0.6341758655651162,0.30931884715715224,0.2961588327727782
random_forest,periodictablegroups,mf.periodictablegroups.k7_outer,output/split/ptgroups_rf.log,0.6830556085582402,0.6522159762107488,0.31987857231175587,0.36070634395337864
random_forest,periodictablegroups,mf.periodictablegroups.k8_outer,output/split/ptgroups_rf.log,1.0060387591380187,0.8532259787929556,0.5254753170569749,-0.05265541316438793
random_forest,periodictablegroups,mf.periodictablegroups.k9_outer,output/split/ptgroups_rf.log,0.5311503694516168,0.5584891686264918,0.33396866111578294,0.5225139407183024
svr,periodictablegroups,mf.periodictablegroups.k0_outer,output/split/ptgroups_svr.log,0.6921285480604868,0.6313242134566608,0.3756082957303102,0.33140012186160894
svr,periodictablegroups,mf.periodictablegroups.k1_outer,output/split/ptgroups_svr.log,1.2195609748131788,0.8571624349425263,0.352741917071287,-0.2295721064216918
svr,periodictablegroups,mf.periodictablegroups.k2_outer,output/split/ptgroups_svr.log,0.6653610293295661,0.6321663308882366,0.314130859058748,0.34741484487449215
svr,periodictablegroups,mf.periodictablegroups.k3_outer,output/split/ptgroups_svr.log,0.678713381485866,0.6294164445192063,0.31776289185069573,-0.10867501253949863
svr,periodictablegroups,mf.periodictablegroups.k4_outer,output/split/ptgroups_svr.log,0.6992329291899569,0.6585637338674902,0.4961422503153468,0.23565978181916813
svr,periodictablegroups,mf.periodictablegroups.k5_outer,output/split/ptgroups_svr.log,2.8163950398162583,1.4535748750275248,0.5500986883260252,-1.6786283824652761
svr,periodictablegroups,mf.periodictablegroups.k6_outer,output/split/ptgroups_svr.log,0.8324884947038143,0.7131296590804882,0.3409993308309704,0.1415499804653152
svr,periodictablegroups,mf.periodictablegroups.k7_outer,output/split/ptgroups_svr.log,0.740160166841888,0.6636437956257328,0.3260648026480707,0.3072603559771774
svr,periodictablegroups,mf.periodictablegroups.k8_outer,output/split/ptgroups_svr.log,1.2464281828784491,0.9320565591880005,0.5601676765594474,-0.30418372245601466
svr,periodictablegroups,mf.periodictablegroups.k9_outer,output/split/ptgroups_svr.log,0.6182125773025002,0.5610634364735418,0.3665723537677624,0.4442479864236605
