mpids,formula,bg_mp,bg_exp,num_elements,source
mp-9770,Ag8GeS6,0.6102000000000001,1.45,3,BandgapDatabase1
mp-29678,AgBiS2,0.5212,0.98,3,BandgapDatabase1
mp-1195243,AgP15,1.2132,1.38,2,BandgapDatabase1
mp-1582,As2O3,4.0339,4.5,2,BandgapDatabase1
mp-1238815,B4C,3.0415,1.795,2,BandgapDatabase1
mp-10044,BAs,1.203699999999999,1.39,2,BandgapDatabase1
mp-23388,Bi2(MoO4)3,2.717,2.77,3,BandgapDatabase1
mp-1200193,Bi2Mo2Se2O13,2.8105,3.15,4,BandgapDatabase1
mp-1190564,BiPO4,3.7758,4.05,3,BandgapDatabase1
mp-18855,Co2Te3O8,2.4813,3.6,3,BandgapDatabase1
mp-755749,Cr2O3,2.405899999999999,3.08,2,BandgapDatabase1
mp-1019602,Cs2Al2B2O7,4.249,4.13,4,BandgapDatabase1
mp-1190579,Cs2Cu2Sb2S5,1.104299999999999,1.6,4,BandgapDatabase1
mp-1105419,Cs2Hg3S4,1.732499999999999,2.8,3,BandgapDatabase1
mp-17905,Cs2Hg6S7,0.6230999999999991,1.63,3,BandgapDatabase1
mp-31285,Cs2PdSe8,1.1887,1.5,3,BandgapDatabase1
mp-573763,Cs2Te,1.774,3.5,2,BandgapDatabase1
mp-1194749,Cs2ZnGe3Se8,1.4028,2.31,4,BandgapDatabase1
mp-1194701,Cs2ZnSn3Se8,1.2553,2.12,4,BandgapDatabase1
mp-683903,Cs3Nb2AsSe11,0.9588,1.35,4,BandgapDatabase1
mp-1204289,Cs4BiAs3Se7,1.4739,1.02,4,BandgapDatabase1
mp-680246,Cs4Zr3S14,1.466,2.35,3,BandgapDatabase1
mp-866615,CsAg2AsS3,1.65,2.7,4,BandgapDatabase1
mp-554408,CsAgSb4S7,1.456,2.04,4,BandgapDatabase1
mp-1191636,CsCdBO3,1.646199999999999,2.58,4,BandgapDatabase1
mp-1196438,CsCu2AsS3,1.3532,2.3,4,BandgapDatabase1
mp-7155,CsErZnSe3,2.1566,2.595,4,BandgapDatabase1
mp-562726,CsGaS3,2.647199999999999,2.78,3,BandgapDatabase1
mp-1104469,CsGdZnTe3,0.8742999999999991,2.13,4,BandgapDatabase1
mp-559459,CsInS2,2.4776,3.4,3,BandgapDatabase1
mp-1200720,CsInSe2,1.630199999999999,2.81,3,BandgapDatabase1
mp-1199743,CsInTe2,1.3522,2.16,3,BandgapDatabase1
mp-1192413,CsInTe3O8,3.066,3.9,4,BandgapDatabase1
mp-1202825,CsLu7S11,2.031799999999999,1.86,3,BandgapDatabase1
mp-1203743,CsLu7Se11,1.510499999999999,1.78,3,BandgapDatabase1
mp-1225967,CsPSe6,1.6167,1.9,3,BandgapDatabase1
mp-510062,CsSmCdSe3,2.0217,2.46,4,BandgapDatabase1
mp-7212,CsSmHgSe3,1.3625,2.374,4,BandgapDatabase1
mp-638078,CsTbZnTe3,1.3573,2.12,4,BandgapDatabase1
mp-1025340,Cu2WSe4,1.275699999999999,1.64,3,BandgapDatabase1
mp-27954,CuN3,1.6279,4.565,2,BandgapDatabase1
mp-4468,CuSbS2,0.722699999999999,1.5,3,BandgapDatabase1
mp-2345,Dy2O3,3.925499999999999,4.8,2,BandgapDatabase1
mp-1270,Dy2S3,0.593799999999999,2.955,2,BandgapDatabase1
mp-1189242,Dy3GaS6,2.061499999999999,2.81,3,BandgapDatabase1
mp-1196712,Dy4GaSbS9,2.0092,2.58,4,BandgapDatabase1
mp-209,Er2Se3,0.7923,1.66,2,BandgapDatabase1
mp-1983109,ErBiW2O9,2.543399999999999,3.26,4,BandgapDatabase1
mp-565814,Fe2O3,1.3902,2.2,2,BandgapDatabase1
mp-1181313,Ga2(TeO3)3,3.7830999999999992,4.145,3,BandgapDatabase1
mp-1196063,Ga2Se2O7,3.4975,4.61,3,BandgapDatabase1
mp-2490,GaP,1.603899999999999,2.26,2,BandgapDatabase1
mp-669509,Gd2S3,0.5267000000000001,2.63,2,BandgapDatabase1
mp-1199284,Gd4GaSbS9,1.518,2.41,4,BandgapDatabase1
mp-510490,GdScS3,1.1773999999999991,2.1,3,BandgapDatabase1
mp-9252,HgS,1.6863,0.7,2,BandgapDatabase1
mp-22598,In2O3,0.6305000000000001,3.3,2,BandgapDatabase1
mp-1199125,In2Se2O7,2.8578,2.97,3,BandgapDatabase1
mp-2833,IrS2,0.5371,0.9,2,BandgapDatabase1
mp-1223709,K2Ag3Sb3S7,1.8381999999999992,2.2,4,BandgapDatabase1
mp-571637,K2Cd2Te3,1.882299999999999,1.93,3,BandgapDatabase1
mp-18101,K2Cd3S4,1.9018,2.75,3,BandgapDatabase1
mp-1198419,K2Cd3Se4,1.4027999999999992,2.43,3,BandgapDatabase1
mp-18531,K2Cd3Te4,1.438,2.26,3,BandgapDatabase1
mp-1195550,K2Ce(PO4)2,1.4179,2.46,4,BandgapDatabase1
mp-1199482,K2Gd2Sb2Se9,0.922,1.33,4,BandgapDatabase1
mp-1172870,K2Ho4Cu4S9,0.8687,2.43,4,BandgapDatabase1
mp-1223734,K2La2Sb2S9,1.1627,2.2,4,BandgapDatabase1
mp-1223975,K2Nd2Ti3O10,2.2681,3.25,4,BandgapDatabase1
mp-505138,K2PdSe10,1.0743,1.48,3,BandgapDatabase1
mp-1022,K2S,2.3201,2.1,2,BandgapDatabase1
mp-8426,K2Se,2.0925,2.035,2,BandgapDatabase1
mp-555587,K2SmP2S7,2.2591,2.59,4,BandgapDatabase1
mp-1747,K2Te,2.141,1.9,2,BandgapDatabase1
mp-559251,K3Cr2(PS4)3,1.378099999999999,1.35,4,BandgapDatabase1
mp-542545,K3Nb2AsSe11,1.1802,1.53,4,BandgapDatabase1
mp-1211748,K3Ta2AsS11,1.8918,2.21,4,BandgapDatabase1
mp-683905,K3Ta2AsSe11,1.208699999999999,1.45,4,BandgapDatabase1
mp-1211873,K3Ti2P5S18,1.1872999999999991,1.61,4,BandgapDatabase1
mp-556627,K4GeS4,2.7142,0.8,3,BandgapDatabase1
mp-568847,K4GeSe4,1.9993,0.64,3,BandgapDatabase1
mp-1199321,K5In3P6Se19,1.0646,2.2,4,BandgapDatabase1
mp-6296,K6Cd4Sn3Se13,1.4058,2.33,4,BandgapDatabase1
mp-1192667,KAg2SbS3,1.688299999999999,2.1,4,BandgapDatabase1
mp-1223584,KBi3S5,1.422699999999999,1.21,3,BandgapDatabase1
mp-1195253,KIn(TeO3)2,2.8719,4.0,4,BandgapDatabase1
mp-18625,KPSe6,1.9067,2.16,3,BandgapDatabase1
mp-11604,KSm2CuS4,1.013,2.17,4,BandgapDatabase1
mp-1194980,KY(TeO3)2,3.1251,3.8,4,BandgapDatabase1
mp-1198687,La2ZrS5,1.0739,2.01,3,BandgapDatabase1
mp-510011,La3CuGeSe7,1.1936,2.0,4,BandgapDatabase1
mp-1196490,La4Cd4In2S13,1.156899999999999,2.27,4,BandgapDatabase1
mp-1196663,La4InSbS9,2.2196,2.32,4,BandgapDatabase1
mp-1195582,La8Sb2S15,1.935799999999999,2.3,3,BandgapDatabase1
mp-5837,LaGaO3,3.3483,4.08,3,BandgapDatabase1
mp-4816,LaGaS3,2.2366,2.5,3,BandgapDatabase1
mp-550514,LaTaN2O,0.671299999999999,1.9,4,BandgapDatabase1
mp-1189383,Li2CdGeS4,2.2131,3.1,4,BandgapDatabase1
mp-1188784,Li2CdSnS4,1.9176,3.26,4,BandgapDatabase1
mp-554782,Li2Ga2GeS6,2.1339,3.65,4,BandgapDatabase1
mp-1191476,Li2In2GeS6,2.3229,3.45,4,BandgapDatabase1
mp-1191200,Li2In2GeSe6,1.5416,2.3,4,BandgapDatabase1
mp-1191903,Li2In2SiS6,2.427999999999999,3.61,4,BandgapDatabase1
mp-1191817,Li2In2SiSe6,1.8159,2.54,4,BandgapDatabase1
mp-531826,Li2PtO3,1.842,2.3,3,BandgapDatabase1
mp-985583,Li3PS4,2.8091,3.68,3,BandgapDatabase1
mp-542435,Li3ScN2,2.401399999999999,2.9,3,BandgapDatabase1
mp-6126,LiCdBO3,2.115599999999999,4.28,4,BandgapDatabase1
mp-1188392,LiInS2,2.187499999999999,3.57,3,BandgapDatabase1
mp-20187,LiInSe2,1.5731000000000002,2.83,3,BandgapDatabase1
mp-20782,LiInTe2,1.3847,1.23,3,BandgapDatabase1
mp-1222376,LiZnBO3,3.5248,3.1,4,BandgapDatabase1
mp-1232659,MnO,1.310499999999998,3.75,2,BandgapDatabase1
mp-644514,MnO2,0.540999999999999,2.0,2,BandgapDatabase1
mp-2831941,Na2CdSnS4,1.951,2.52,4,BandgapDatabase1
mp-1190388,Na2Ga2GeS6,2.6215,3.29,4,BandgapDatabase1
mp-17964,Na2Ge2Se5,1.4997,2.31,3,BandgapDatabase1
mp-1190145,Na2In2GeS6,2.190699999999999,2.7935,4,BandgapDatabase1
mp-1190138,Na2In2SiS6,2.2375,2.87,4,BandgapDatabase1
mp-648,Na2S,2.4399,1.62,2,BandgapDatabase1
mp-2784,Na2Te,2.0282,2.15,2,BandgapDatabase1
mp-1190141,Na2TeS3,1.7828,2.03,3,BandgapDatabase1
mp-556070,Na5Gd(MoO4)4,3.3922,3.376,4,BandgapDatabase1
mp-1192203,NaCdAsS3,1.975299999999999,2.93,4,BandgapDatabase1
mp-1194878,NaIn(TeO3)2,2.9873000000000003,4.0,4,BandgapDatabase1
mp-1195769,NaIn3S5,1.2428,2.18,3,BandgapDatabase1
mp-20289,NaInS2,1.8377,2.585,3,BandgapDatabase1
mp-557436,NaNb2PS10,1.315599999999999,1.72,4,BandgapDatabase1
mp-1045,Nd2O3,3.708,3.875,2,BandgapDatabase1
mp-1196300,Nd2ZrS5,1.0438,1.83,3,BandgapDatabase1
mp-560086,Nd4(GeS4)3,1.9962,2.62,3,BandgapDatabase1
mp-17360,Ni2Te3O8,3.0277,3.84,3,BandgapDatabase1
mp-1411545,NiS2,0.527899999999999,0.5449999999999999,2,BandgapDatabase1
mp-28885,PSe,2.2667,0.94,2,BandgapDatabase1
mp-20078,Pb2O3,1.074899999999999,1.67,2,BandgapDatabase1
mp-22633,Pb3O4,1.133,2.1100000000000003,2,BandgapDatabase1
mp-667338,PbN6,2.5064,3.0,2,BandgapDatabase1
mp-32689,Pr2Se3,1.475099999999999,1.85,2,BandgapDatabase1
mp-2980,Pr2Te4O11,3.3043,3.65,3,BandgapDatabase1
mp-9028,PrBN2,2.1062,4.0,3,BandgapDatabase1
mp-762,PtS2,1.5467,0.95,2,BandgapDatabase1
mp-1105212,Rb2AgPS4,2.2636,2.6,4,BandgapDatabase1
mp-18556,Rb2Cd3S4,1.8924,2.92,3,BandgapDatabase1
mp-16818,Rb2Cd3Se4,1.5237,2.37,3,BandgapDatabase1
mp-29901,Rb2Cd3Te4,1.4415,2.3,3,BandgapDatabase1
mp-1195291,Rb2Cu2Sb2S5,1.1696,1.6,4,BandgapDatabase1
mp-441,Rb2Te,1.8766,4.5,2,BandgapDatabase1
mp-1104938,Rb3Na(MoO4)2,4.5827,4.84,4,BandgapDatabase1
mp-683902,Rb3Nb2AsSe11,1.181199999999999,1.5,4,BandgapDatabase1
mp-1209358,Rb3Ta2AsS11,1.8938,2.21,4,BandgapDatabase1
mp-542067,Rb4Ti3S14,1.242899999999999,1.59,3,BandgapDatabase1
mp-1195102,RbAg5(PS4)2,1.162499999999999,2.4,4,BandgapDatabase1
mp-1209628,RbGaSnSe4,1.378099999999999,1.88,4,BandgapDatabase1
mp-601861,RbInS2,2.4133,3.05,3,BandgapDatabase1
mp-1192556,RbInTe3O8,3.0269,3.9,4,BandgapDatabase1
mp-1198591,RbMoPO6,2.8368,2.96,4,BandgapDatabase1
mp-17945,RbPSe6,1.8728999999999991,2.18,3,BandgapDatabase1
mp-10782,RbTbSe2,1.9336,2.5,3,BandgapDatabase1
mp-1194706,RbY(TeO3)2,3.1745,3.6,4,BandgapDatabase1
mp-401,Sc2S3,1.034999999999999,2.0,2,BandgapDatabase1
mp-1009750,ScN,2.4152,0.92,2,BandgapDatabase1
mp-978553,SiAs2,0.8890999999999991,1.905,2,BandgapDatabase1
mp-569128,SiB3,1.408,1.1,2,BandgapDatabase1
mp-1219182,SiGe,0.6059999999999991,0.51,2,BandgapDatabase1
mp-2798,SiP,1.7395,1.02,2,BandgapDatabase1
mp-1250007,SiSe2,2.4771,1.74,2,BandgapDatabase1
mp-218,Sm2O3,3.7823,3.7,2,BandgapDatabase1
mp-1403,Sm2S3,0.7441,3.0,2,BandgapDatabase1
mp-32594,Sm2Se3,1.5046,2.3,2,BandgapDatabase1
mp-1198078,Sm2ZrSe5,0.8425,1.41,3,BandgapDatabase1
mp-1199065,Sm4GaSbS9,1.9465999999999992,2.23,4,BandgapDatabase1
mp-1196183,Sm4InSbS9,2.1754,2.13,4,BandgapDatabase1
mp-1200917,SmBiW2O9,2.6689,3.39,4,BandgapDatabase1
mp-557633,Sn2WO5,2.421699999999999,2.597,3,BandgapDatabase1
mp-556980,Sn3WO6,2.161499999999999,2.49,3,BandgapDatabase1
mp-545820,SnO,0.519099999999999,2.55,2,BandgapDatabase1
mp-856,SnO2,0.6519,3.6,2,BandgapDatabase1
mp-10390,Ta2O5,1.2267,4.0,2,BandgapDatabase1
mp-1056,Tb2O3,3.9006,0.95,2,BandgapDatabase1
mp-1200490,Tb4Al2O9,4.0883,4.59,3,BandgapDatabase1
mp-1202576,Tb4GaSbS9,2.0116,2.44,4,BandgapDatabase1
mp-9481,TcS2,1.1885,0.9,2,BandgapDatabase1
mp-5967,TiCoSb,1.043199999999999,1.0,3,BandgapDatabase1
mp-1216778,TiS2,0.7773000000000001,1.12,2,BandgapDatabase1
mp-559093,Tl2BiP2S7,2.1415,1.8,4,BandgapDatabase1
mp-1188364,Tl2Hg3S4,1.579699999999999,2.05,3,BandgapDatabase1
mp-1105692,Tl2Hg3Se4,1.035699999999999,1.57,3,BandgapDatabase1
mp-1190100,Tl2Hg3Te4,0.9897,0.9,3,BandgapDatabase1
mp-556516,Tl2S,0.7668,0.79,2,BandgapDatabase1
mp-4988,TlAsS2,1.812399999999999,1.3,3,BandgapDatabase1
mp-4016,TlGaS2,1.7885,2.925,3,BandgapDatabase1
mp-17254,TlGaSe2,1.3543999999999992,1.88,3,BandgapDatabase1
mp-870,TlN3,1.7584,3.58,2,BandgapDatabase1
mp-561066,TlS,1.0387,1.36,2,BandgapDatabase1
mp-567318,TlSbSe2,0.8323,0.82,3,BandgapDatabase1
mp-1189598,Y3GaS6,2.0555,2.88,3,BandgapDatabase1
mp-6913,YN,0.700499999999999,1.9,2,BandgapDatabase1
mp-30311,Zn3(PS4)2,2.431399999999999,3.13,3,BandgapDatabase1
mp-3595,ZnSiAs2,0.8866,1.636,3,BandgapDatabase1
mp-2858,ZrO2,3.5322,5.0,2,BandgapDatabase1
mp-31909,Ta2Mn3O8,2.3214,1.89,3,DS2
mp-14091,AlAgSe2,1.7174,2.5,3,DS2
mp-14092,AlAgTe2,1.6625,2.35,3,DS2
mp-4452,Cd(GaS2)2,2.122,3.44,3,DS2
mp-4979,AlCuS2,1.6756,3.35,3,DS2
mp-8017,AlCuTe2,1.6873,2.06,3,DS2
mp-4809,Ga2HgS4,1.5693,2.84,3,DS2
mp-4730,Ga2HgSe4,0.9189,1.95,3,DS2
mp-20731,In2HgSe4,1.1169,1.45,3,DS2
mp-5782,AgAlS2,1.8992,3.13,3,DS2
mp-556434,AgBiP2S6,1.1838,1.7000000000000002,4,DS2
mp-569126,AgBiP2Se6,1.3565,1.4,4,DS2
mp-13383,AgScP2Se6,1.6484,1.55,4,DS2
mp-8684,Cs2AgVS4,1.3958,1.77,4,DS2
mp-10488,Cs2TiAg2S4,1.9722,2.44,4,DS2
mp-10378,Cs3Sb,1.1015,1.6,2,DS2
mp-8900,K2AgVS4,1.3267,1.85,4,DS2
mp-557121,K2Au2SnS4,1.7045,2.75,4,DS2
mp-9509,K2AuPS4,1.6278,2.63,4,DS2
mp-561132,K2PbGe2S6,2.2522,2.85,4,DS2
mp-866651,KBiSiS4,2.0505,2.25,4,DS2
mp-12365,KCuThS3,2.0372,2.95,4,DS2
mp-6088,LaCuOS,1.6685,3.1,4,DS2
mp-546790,LaCuOTe,1.1839,2.31,4,DS2
mp-2455,OsAs2,0.756,0.92,2,DS2
mp-2319,OsP2,0.8561000000000001,1.13,2,DS2
mp-19146,PbCrO4,2.0357,2.25,3,DS2
mp-649774,PbCuSbS3,0.7828,1.3,4,DS2
mp-8901,Rb2AgVS4,1.354,1.83,4,DS2
mp-15221,Rb2CuNbS4,1.988,2.64,4,DS2
mp-15222,Rb2CuNbSe4,1.6572,2.19,4,DS2
mp-15219,Rb2CuVS4,1.2546,1.85,4,DS2
mp-7129,Rb2TiCu2S4,1.7443,2.19,4,DS2
mp-15998,RbCu2VS4,1.1946,1.45,4,DS2
mp-8136,ThOS,1.1145,2.22,3,DS2
mp-7950,ThOSe,0.7684000000000001,1.65,3,DS2
mp-9510,Tl2AuPS4,1.2994,2.2,4,DS2
mp-13312,TlScS2,0.9377,1.51,3,DS2
mp-13313,TlScSe2,0.7617,0.79,3,DS2
mp-10795,TlTaS3,0.6057,0.78,3,DS2
mp-19318,Ag2MoO4,1.873099999999999,3.26,3,BandgapDatabase1
mp-2172,AlAs,1.503699999999999,2.2,2,BandgapDatabase1
mp-909,As2Se3,1.4466,1.76,2,BandgapDatabase1
mp-23262,Bi2O3,2.194499999999999,2.8,2,BandgapDatabase1
mp-22856,Bi2S3,1.361799999999999,1.3,2,BandgapDatabase1
mp-4666,CdSiP2,1.4257,1.358,3,BandgapDatabase1
mp-19387,CdWO4,3.262699999999999,3.7,3,BandgapDatabase1
mp-581024,CsK2Sb,0.8633999999999991,1.62,3,BandgapDatabase1
mp-574620,CsYZnSe3,2.1117,2.35,4,BandgapDatabase1
mp-3934,Cu3PS4,1.0202,2.3,3,BandgapDatabase1
mp-1103679,CuWO4,0.6442,2.3,3,BandgapDatabase1
mp-19935,ErFeO3,1.5703,1.69,3,BandgapDatabase1
mp-23501,FeBiO3,1.279099999999999,2.2,3,BandgapDatabase1
mp-19421,FeWO4,2.401,2.495,3,BandgapDatabase1
mp-2507,GaS,2.0036,2.5,2,BandgapDatabase1
mp-542812,GaTe,1.0066,1.685,2,BandgapDatabase1
mp-9548,GeAs,0.5112999999999991,1.615,2,BandgapDatabase1
mp-700,GeSe,0.8988,1.1565,2,BandgapDatabase1
mp-1224,HgO,1.1867,2.2,2,BandgapDatabase1
mp-19795,InS,1.3508,1.995,2,BandgapDatabase1
mp-10159,K3Sb,0.6773,1.4,2,BandgapDatabase1
mp-7375,KNbO3,2.2934,3.24,3,BandgapDatabase1
mp-12192,La2Ti2O7,2.928499999999999,3.4,3,BandgapDatabase1
mp-1078724,LiAsSe2,0.7504000000000001,1.105,3,BandgapDatabase1
mp-23703,LiH,2.981,2.76,2,BandgapDatabase1
mp-3731,LiNbO3,3.3358,3.875,3,BandgapDatabase1
mp-9124,LiZnAs,0.5518000000000001,1.61,3,BandgapDatabase1
mp-10182,LiZnP,1.3386,2.04,3,BandgapDatabase1
mp-5942,NaAsS2,1.3457,2.28,3,BandgapDatabase1
mp-3858,NaTaO3,2.6172,4.0,3,BandgapDatabase1
mp-21179,NiWO4,2.8991,2.9,3,BandgapDatabase1
mp-22341,PrFeO3,1.0793,2.08,3,BandgapDatabase1
mp-572758,ReS2,1.3202,1.47,2,BandgapDatabase1
mp-541582,ReSe2,1.1434,1.18,2,BandgapDatabase1
mp-2136,Sb2O3,2.2239,3.31,2,BandgapDatabase1
mp-2809,Sb2S3,1.2866,1.7,2,BandgapDatabase1
mp-2160,Sb2Se3,0.7564000000000001,1.2,2,BandgapDatabase1
mp-149,Si,0.6105,1.12,1,BandgapDatabase1
mp-1863,SiAs,1.451899999999999,1.525,2,BandgapDatabase1
mp-3335,Sm2Ti2O7,2.7306,3.6,3,BandgapDatabase1
mp-5999,Sm2Ti2S2O5,0.779899999999999,2.8,4,BandgapDatabase1
mp-19323,SmVO4,3.0241,2.28,3,BandgapDatabase1
mp-2231,SnS,0.904799999999999,1.3,2,BandgapDatabase1
mp-691,SnSe,0.5159,0.94,2,BandgapDatabase1
mp-17700,SnWO4,0.9171,1.9,3,BandgapDatabase1
mp-22232,TlInSe2,0.7351000000000001,1.295,3,BandgapDatabase1
mp-224,WS2,1.2557,1.8,2,BandgapDatabase1
mp-1821,WSe2,1.4465,1.565,2,BandgapDatabase1
mp-2979,ZnGeN2,1.6955,3.2,3,BandgapDatabase1
mp-4524,ZnGeP2,1.1782,2.06,3,BandgapDatabase1
mp-18918,ZnWO4,3.2609,3.3,3,BandgapDatabase1
mp-11674,Al2Se3,1.8004,3.1,2,BandgapDatabase1
mp-28395,B6P,2.4757,3.3,2,BandgapDatabase1
mp-754329,CdSnO3,0.9762,3.0,3,BandgapDatabase1
mp-20194,CeO2,1.8647,3.13,2,BandgapDatabase1
mp-567386,Cs2Cd3Te4,1.558699999999999,2.48,3,BandgapDatabase1
mp-2667,CsAu,1.023299999999999,2.6,2,BandgapDatabase1
mp-11124,CsLaHgSe3,1.4545,2.485,4,BandgapDatabase1
mp-11116,CsYCdSe3,2.085499999999999,2.56,4,BandgapDatabase1
mp-11123,CsYHgSe3,1.3946,2.54,4,BandgapDatabase1
mp-361,Cu2O,0.512699999999999,2.1,2,BandgapDatabase1
mp-12954,CuBS2,1.742499999999999,3.61,3,BandgapDatabase1
mp-539,Ga2S3,1.7106,2.99,2,BandgapDatabase1
mp-985829,HfS2,1.2237,1.93,2,BandgapDatabase1
mp-985831,HfSe2,0.5342,1.13,2,BandgapDatabase1
mp-22216,In2S3,0.8856,2.12,2,BandgapDatabase1
mp-20790,InPS4,2.3185,3.12,3,BandgapDatabase1
mp-6548,K2La2Ti3O10,1.733499999999999,3.05,4,BandgapDatabase1
mp-12535,K2ZnTe2,2.0537,3.0,3,BandgapDatabase1
mp-17698,K6CdTe4,1.6614,2.51,3,BandgapDatabase1
mp-12532,KAg2PS4,1.2441,3.02,4,BandgapDatabase1
mp-9490,KAg2SbS4,0.569599999999999,1.63,4,BandgapDatabase1
mp-557728,KCu4AsS4,1.2885,1.9,4,BandgapDatabase1
mp-3614,KTaO3,2.0995,3.65,3,BandgapDatabase1
mp-7475,La2S3,1.0358,2.59,2,BandgapDatabase1
mp-552488,LaCuSeO,1.5380999999999991,2.148,4,BandgapDatabase1
mp-549589,LaZnAsO,0.5760000000000001,1.5,4,BandgapDatabase1
mp-555874,LiAsS2,1.0664,1.6,3,BandgapDatabase1
mp-5048,LiGaTe2,1.5885,2.31,3,BandgapDatabase1
mp-3666,LiTaO3,3.7003,4.4,3,BandgapDatabase1
mp-7575,LiZnN,0.5187,1.945,3,BandgapDatabase1
mp-1634,MoSe2,1.3010000000000002,1.5,2,BandgapDatabase1
mp-573581,Na2TeSe3,1.2031,1.91,3,BandgapDatabase1
mp-3488,Na2Ti3O7,2.9953000000000003,3.51,3,BandgapDatabase1
mp-13019,NaLa2TaO6,3.979199999999999,4.5,4,BandgapDatabase1
mp-581967,Nb2O5,1.7731,3.4,2,BandgapDatabase1
mp-19009,NiO,2.300899999999999,3.6,2,BandgapDatabase1
mp-22342,PbSeO4,3.192299999999999,4.3,3,BandgapDatabase1
mp-18006,Rb2Cu2SnS4,0.9012999999999992,2.08,4,BandgapDatabase1
mp-17756,RbAg2SbS4,0.617799999999999,2.3,4,BandgapDatabase1
mp-2030,RuS2,0.6683999999999991,1.55,2,BandgapDatabase1
mp-9996,SiP2,1.4262,2.25,2,BandgapDatabase1
mp-1170,SnS2,1.514799999999999,2.2,2,BandgapDatabase1
mp-665,SnSe2,0.7018,1.2,2,BandgapDatabase1
mp-8377,TeO2,3.0604,3.7,2,BandgapDatabase1
mp-390,TiO2,2.0586,3.2,2,BandgapDatabase1
mp-17172,Tl2TeS3,1.2603,1.6,3,BandgapDatabase1
mp-7684,Tl3AsSe3,0.8813999999999991,1.3,3,BandgapDatabase1
mp-3785,TlGaTe2,0.5555999999999991,0.95,3,BandgapDatabase1
mp-22791,TlInTe2,0.540099999999999,0.86,3,BandgapDatabase1
mp-4763,ZnSiP2,1.3641,2.1,3,BandgapDatabase1
mp-13334,ZnSnO3,1.080999999999999,3.05,3,BandgapDatabase1
mp-1186,ZrS2,1.0418,1.7,2,BandgapDatabase1
mp-15077,Ag7AsS6,0.7299000000000001,1.0,3,Matbench_expt
mp-1228491,Al2S3,3.0435,4.1,2,Matbench_expt
mp-9631,AlAgO2,1.4090999999999991,3.6,3,Matbench_expt
mp-1194859,AlV(TeO4)2,2.836099999999999,2.9,4,Matbench_expt
mp-15649,As2Ir,0.8155000000000001,1.0,2,Matbench_expt
mp-1214793,AsOsS,1.1795,1.3,3,Matbench_expt
mp-1214786,AsRuS,0.9146,1.2,3,Matbench_expt
mp-542810,AsS,1.9674,2.4,2,Matbench_expt
mp-1196917,B2Mo(PbO2)6,2.4454,2.9,4,Matbench_expt
mp-1245025,B2O3,4.1254,4.89,2,Matbench_expt
mp-558521,B2Se2O7,3.941799999999999,4.64,3,Matbench_expt
mp-1200969,B3Pb3NO10,3.0129,3.64,4,Matbench_expt
mp-624,B6As,2.6454,1.51,2,Matbench_expt
mp-1105235,BH(PbO2)2,3.0854,3.76,4,Matbench_expt
mp-1479,BP,1.243499999999999,4.2,2,Matbench_expt
mp-997618,BSb,0.7506,2.6,2,Matbench_expt
mp-1228703,BSbPbS4,2.1522,1.8,4,Matbench_expt
mp-556210,Bi2CO5,2.4505999999999992,3.42,3,Matbench_expt
mp-556601,BiBPbO4,2.8773,3.2,4,Matbench_expt
mp-1227709,BiP3(PbO4)3,3.6994,3.7,4,Matbench_expt
mp-1195032,BiTeNO6,2.8005,3.62,4,Matbench_expt
mp-1197203,CdAg2GeS4,0.8323,2.32,4,Matbench_expt
mp-4627,CoAsS,0.9413,0.6000000000000001,3,Matbench_expt
mp-1197022,CrB2(PbO2)6,1.8898,1.8,4,Matbench_expt
mp-510421,CrO3,2.2699,1.4,2,Matbench_expt
mp-1201213,Cs2Cd3(B4O7)4,4.5525,4.76,4,Matbench_expt
mp-15223,Cs2NbCuSe4,1.635099999999999,2.19,4,Matbench_expt
mp-1195304,Cs2Sn3(SbS5)2,1.8595,2.34,4,Matbench_expt
mp-640389,Cs2Th(PS3)3,2.285199999999999,2.8,4,Matbench_expt
mp-1201443,Cs3Nb9(TeO8)4,1.4336,3.22,4,Matbench_expt
mp-1195417,Cs4Ge(PSe3)4,1.3838,2.0,4,Matbench_expt
mp-541378,CsBiS2,1.5773,1.39,3,Matbench_expt
mp-1096942,CsBiSe2,0.9529999999999992,1.07,3,Matbench_expt
mp-1228884,CsH3(SeO3)2,4.1517,4.77,4,Matbench_expt
mp-1194853,CsInHgS3,1.379,2.3,4,Matbench_expt
mp-1192530,CsPPbO4,4.0581,4.39,4,Matbench_expt
mp-984761,CsRb2Sb,0.6525000000000001,1.5,3,Matbench_expt
mp-1195448,CsSb(SO4)2,4.089700000000001,4.68,4,Matbench_expt
mp-561639,CsSbS2,1.736399999999999,2.8,3,Matbench_expt
mp-2969,CsSbSe2,1.1399,1.7000000000000002,3,Matbench_expt
mp-683998,CuBi(PSe3)2,0.6399,1.2,4,Matbench_expt
mp-1194904,CuHg(SeO3)2,0.7590999999999991,3.25,4,Matbench_expt
mp-1105187,CuPS3,1.1555,2.2,3,Matbench_expt
mp-1213120,Dy2(MoO4)3,3.5811,1.92,3,Matbench_expt
mp-1188427,Dy2Te3,0.5488000000000001,0.6900000000000001,2,Matbench_expt
mp-1095296,Dy4Te3S4,1.396599999999999,1.43,3,Matbench_expt
mp-1197728,Fe2B(PO4)3,2.025,3.52,4,Matbench_expt
mp-1197024,FeBi(SeO3)3,2.6249,2.54,4,Matbench_expt
mp-757766,FeBi25O39,2.2279,2.8,3,Matbench_expt
mp-1196984,Ga2PbS4,2.2715,2.38,3,Matbench_expt
mp-571171,Ga2PbSe4,2.0313,1.83,3,Matbench_expt
mp-1194838,Ga2SnGeS6,0.9682,2.04,4,Matbench_expt
mp-1224946,GaAgGeS4,1.662,3.0,4,Matbench_expt
mp-11020,GaAgO2,0.583299999999999,2.2,3,Matbench_expt
mp-849761,GaBi25O39,2.1902,2.99,3,Matbench_expt
mp-1224851,GaCuGeSe4,0.7335,1.38,4,Matbench_expt
mp-11019,GaCuO2,0.7812999999999991,1.47,3,Matbench_expt
mp-1226384,Gd(CuS)3,0.9673,1.62,3,Matbench_expt
mp-23352,Ge(Bi3O5)4,2.3762,3.25,3,Matbench_expt
mp-1198509,GePb2(SeO3)4,3.309599999999999,4.1,4,Matbench_expt
mp-624190,GePbS3,1.757899999999999,2.4,3,Matbench_expt
mp-24354,H7Se2NO6,4.265,4.8100000000000005,4,Matbench_expt
mp-27178,HgPS3,1.7549,2.6,3,Matbench_expt
mp-1195954,Ho2HfS5,1.2172,1.0,3,Matbench_expt
mp-878,Ho2S3,1.4612999999999992,0.5,2,Matbench_expt
mp-1224757,In4Bi3S10,1.0139,1.42,3,Matbench_expt
mp-1224210,InCuGeSe4,0.6493000000000001,1.3,4,Matbench_expt
mp-10973,K2Ga3CuSe6,1.5668000000000002,1.72,4,Matbench_expt
mp-568855,K2Hg(PSe3)2,1.4002,2.25,4,Matbench_expt
mp-17792,K2Hg3(GeS4)2,1.552099999999999,2.64,4,Matbench_expt
mp-1199715,K2In2P3Se10,1.5675,2.2,4,Matbench_expt
mp-21705,K2In3AgSe6,1.489199999999999,1.64,4,Matbench_expt
mp-21713,K2In3CuSe6,1.2031,1.6800000000000002,4,Matbench_expt
mp-669410,K2Mn(SnSe3)2,0.8791,2.0,4,Matbench_expt
mp-1195788,K2Mo2Se2O11,2.787,3.3,4,Matbench_expt
mp-9763,K2NbCuS4,1.9582,2.8200000000000003,4,Matbench_expt
mp-9003,K2NbCuSe4,1.6164,2.14,4,Matbench_expt
mp-976148,K2RbSb,0.6879000000000001,1.2,3,Matbench_expt
mp-1195395,K2Sn3(SbS5)2,1.816599999999999,2.3,4,Matbench_expt
mp-555425,K2Th(CuS2)2,1.126,2.17,4,Matbench_expt
mp-1211474,K2Ti(CuS2)2,1.6735000000000002,2.04,4,Matbench_expt
mp-15147,K2VCuS4,1.2343,1.82,4,Matbench_expt
mp-1195072,K2Zn(SnSe3)2,1.5684,1.71,4,Matbench_expt
mp-1204785,K3Cd(BO2)5,3.817999999999999,3.47,4,Matbench_expt
mp-628185,K3NaSn3Se8,1.6836000000000002,2.2,4,Matbench_expt
mp-560964,K3Sm(AsS4)2,1.6795,2.2,4,Matbench_expt
mp-638086,K3Th2Cu3S7,1.424499999999999,2.49,4,Matbench_expt
mp-1195433,K4Ge(PSe3)4,1.3986,2.0,4,Matbench_expt
mp-14659,KAsSe2,1.595899999999999,1.62,3,Matbench_expt
mp-1223443,KBiS2,1.4158,0.86,3,Matbench_expt
mp-36539,KBiSe2,0.813099999999999,0.61,3,Matbench_expt
mp-1194436,KCu2BiS3,0.6686000000000001,1.29,4,Matbench_expt
mp-505412,KInS2,2.0145,3.0,3,Matbench_expt
mp-505700,KInSe2,1.8437,2.68,3,Matbench_expt
mp-1202434,KNb3(SeO6)2,2.3298,3.46,4,Matbench_expt
mp-1202170,KNb3(TeO6)2,2.4149000000000003,3.52,4,Matbench_expt
mp-569702,KPSe3,1.4182,2.08,3,Matbench_expt
mp-1536,KSb,0.8246000000000001,0.9,2,Matbench_expt
mp-1195296,KSb(SO4)2,4.2351,4.64,4,Matbench_expt
mp-1223460,KSnAuS3,1.6528,2.3,4,Matbench_expt
mp-1223442,KSnAuSe3,1.4172999999999991,2.28,4,Matbench_expt
mp-1200554,KTa3(TeO6)2,2.9431000000000003,4.06,4,Matbench_expt
mp-1188829,KTeP2,1.2093,1.4,3,Matbench_expt
mp-553910,KV4Ag11O16,0.9235,2.0,4,Matbench_expt
mp-6652,KZn4(BO3)3,2.8200000000000003,2.32,4,Matbench_expt
mp-558535,La10Se14O,1.523499999999999,2.04,3,Matbench_expt
mp-1078132,La2Fe(SeO)2,1.1414,0.7000000000000001,4,Matbench_expt
mp-1197947,La2HfS5,1.0901,0.7000000000000001,3,Matbench_expt
mp-1196301,La2Mn(SeO)2,1.6501,1.6,4,Matbench_expt
mp-1211314,La2TiCoO6,0.5484,1.02,4,Matbench_expt
mp-1196943,La2Zn(SeO)2,2.4958,3.4,4,Matbench_expt
mp-1223262,La6Sb4(SO4)3,1.957899999999999,2.6,4,Matbench_expt
mp-1203622,Li2TeMoO6,3.0987,3.5,4,Matbench_expt
mp-1196881,Li2TeWO6,3.640099999999999,4.0,4,Matbench_expt
mp-555186,Li2ZnSnS4,2.1758,2.87,4,Matbench_expt
mp-1222398,LiGa(GeSe3)2,1.510399999999999,2.64,4,Matbench_expt
mp-696288,LiH3(SeO3)2,4.3204,4.9,4,Matbench_expt
mp-14591,LiSbS2,1.2569,1.36,3,Matbench_expt
mp-973391,LiSiB6,1.7307,2.27,3,Matbench_expt
mp-21823,Mn(PbO2)2,0.9834,1.5,3,Matbench_expt
mp-1104707,Na(GeP)3,1.085499999999999,2.06,3,Matbench_expt
mp-1190429,Na2In2GeSe6,1.3672,2.47,4,Matbench_expt
mp-1195277,Na2Mo2Se2O11,2.7771999999999992,3.1,4,Matbench_expt
mp-1192640,Na2Nb4Se4O19,2.3695,3.56,4,Matbench_expt
mp-1266,Na2Se,2.0153,2.0,2,Matbench_expt
mp-1190476,Na2Zn(GeSe3)2,1.3476,2.36,4,Matbench_expt
mp-1190487,Na2Zn(SnS3)2,1.7270999999999992,2.93,4,Matbench_expt
mp-560158,Na3Zn(BO2)5,4.2437000000000005,3.2,4,Matbench_expt
mp-1220990,NaH3(SeO3)2,4.3395,4.9,4,Matbench_expt
mp-22473,NaInSe2,1.019199999999999,2.8,3,Matbench_expt
mp-22483,NaInTe2,0.6416000000000001,1.6,3,Matbench_expt
mp-7944,NaSb,0.6041000000000001,0.8200000000000001,2,Matbench_expt
mp-554384,NaSb(PS3)2,2.075799999999999,2.17,4,Matbench_expt
mp-561232,NaSm(PS3)2,2.793,2.54,4,Matbench_expt
mp-1195227,NaY(Te2O5)2,3.065,3.9,4,Matbench_expt
mp-554930,Nb2AgPS10,1.1059,1.78,4,Matbench_expt
mp-1199265,Nb2Pb2Se4O15,2.662099999999999,2.79,4,Matbench_expt
mp-570757,Nb2Tl3CuSe12,1.0734,0.8,4,Matbench_expt
mp-17803,Nb2Tl4S11,1.2121,1.8,3,Matbench_expt
mp-27383,Nb3CuO8,0.7845000000000001,1.47,3,Matbench_expt
mp-554336,NbAg2(PS4)2,1.6524,2.02,4,Matbench_expt
mp-4043,NbCu3Se4,1.3604,2.45,3,Matbench_expt
mp-17272,NbCuO3,0.959,2.0,3,Matbench_expt
mp-1202414,Nd10Se14O,1.3835,1.98,3,Matbench_expt
mp-1196123,Nd2HfS5,1.0171,0.7000000000000001,3,Matbench_expt
mp-438,Nd2S3,0.759599999999999,2.65,2,Matbench_expt
mp-32688,Nd2Se3,1.4781,1.7000000000000002,2,Matbench_expt
mp-542314,NdCuSO,1.617999999999999,2.98,4,Matbench_expt
mp-974307,NdCuTeO,1.476,2.26,4,Matbench_expt
mp-3006,P2Pd3S8,1.5779,2.12,3,Matbench_expt
mp-28860,P2Se5,1.356199999999999,2.2,2,Matbench_expt
mp-1102534,POsS,0.944,1.4,3,Matbench_expt
mp-1101841,POsSe,0.515699999999999,1.4,3,Matbench_expt
mp-7280,PPdS,1.014299999999999,1.38,3,Matbench_expt
mp-1095584,PRuS,0.5699000000000001,1.4,3,Matbench_expt
mp-1192446,Pb2SeN2O9,3.245,3.76,4,Matbench_expt
mp-560835,Pr10Se14O,1.3981,1.89,3,Matbench_expt
mp-15179,Pr2S3,0.7775000000000001,2.6,2,Matbench_expt
mp-6166,PrCuSO,1.641599999999999,3.03,4,Matbench_expt
mp-1219751,PrTl2InSe4,1.2316,0.93,4,Matbench_expt
mp-999289,PrTlSe2,1.2363,1.18,3,Matbench_expt
mp-541897,Rb2Cd(PSe3)2,1.7916999999999992,2.58,4,Matbench_expt
mp-1200744,Rb2Cd3(B4O7)4,4.5081,4.76,4,Matbench_expt
mp-1209424,Rb2Hg3(GeS4)2,2.0942,2.8,4,Matbench_expt
mp-1194625,Rb2Mo3Se3O16,2.6974,3.1,4,Matbench_expt
mp-561434,Rb2Sn2Hg3S8,1.769499999999999,2.48,4,Matbench_expt
mp-1194540,Rb2Sn3(SbS5)2,1.8255,2.33,4,Matbench_expt
mp-1209316,Rb2Ti(AgS2)2,1.5994000000000002,2.33,4,Matbench_expt
mp-1200569,Rb3Cd(BO2)5,3.7196,2.34,4,Matbench_expt
mp-1020643,Rb3Zn(BO2)5,4.314,2.66,4,Matbench_expt
mp-1195251,Rb4Ge(PSe3)4,1.3687,2.0,4,Matbench_expt
mp-1199088,Rb4Mo5(PO11)2,3.3712,3.51,4,Matbench_expt
mp-585963,Rb7Th2(P2Se7)3,1.0989,2.07,4,Matbench_expt
mp-1197285,RbCd(BO2)3,3.8078,4.2,4,Matbench_expt
mp-541407,RbCuSnS3,0.5314999999999991,1.44,4,Matbench_expt
mp-24022,RbH3(SeO3)2,4.1504,4.84,4,Matbench_expt
mp-975275,RbNa2Sb,0.5682,1.0,3,Matbench_expt
mp-1201687,RbNb3(TeO6)2,2.403299999999999,3.49,4,Matbench_expt
mp-1189259,RbSbSe2,1.5375,1.62,3,Matbench_expt
mp-1204836,RbTa3(TeO6)2,2.8998,3.88,4,Matbench_expt
mp-1102833,SbOsS,1.119199999999999,1.2,3,Matbench_expt
mp-1102395,SbRuSe,0.7549,0.9,3,Matbench_expt
mp-1219458,SbTeRh,0.552099999999999,0.5,3,Matbench_expt
mp-1102857,SbTeRu,0.6273999999999991,0.5,3,Matbench_expt
mp-11022,ScAgO2,2.1264,3.8,3,Matbench_expt
mp-3642,ScCuO2,2.3309,3.3,3,Matbench_expt
mp-23492,Si(Bi3O5)4,2.347799999999999,3.2,3,Matbench_expt
mp-13282,Sm(ErSe2)3,0.8068999999999991,2.0,3,Matbench_expt
mp-1106376,Sm2Te3,0.5334000000000001,0.7000000000000001,2,Matbench_expt
mp-1105337,Sm3B(SO)3,1.5301,2.5,4,Matbench_expt
mp-11793,SmCuSe2,0.8167999999999991,2.1,3,Matbench_expt
mp-9194,SmCuSeO,1.286499999999999,2.6,4,Matbench_expt
mp-5045,SnGeS3,1.6591,2.23,3,Matbench_expt
mp-18344,Ta2Tl4S11,1.523299999999999,1.26,3,Matbench_expt
mp-28752,Ta7Cu3O19,1.173899999999999,2.47,3,Matbench_expt
mp-10748,TaCu3S4,1.9231,3.0,3,Matbench_expt
mp-1217322,TeSe,0.7062,1.58,2,Matbench_expt
mp-23494,Ti(Bi3O5)4,2.312999999999999,3.09,3,Matbench_expt
mp-1191976,Ti6H2O13,2.8867000000000003,3.4,3,Matbench_expt
mp-1542940,TiTlPS5,1.1811,1.3,4,Matbench_expt
mp-30236,TlAsSe2,1.2565,1.35,3,Matbench_expt
mp-1190524,TlInHgS3,1.473399999999999,1.74,4,Matbench_expt
mp-1767,Tm2O3,3.6932,4.53,2,Matbench_expt
mp-757152,V2Bi4O11,2.354899999999999,2.0,3,Matbench_expt
mp-1203641,V2Pb4(Se2O7)3,2.3938,3.37,4,Matbench_expt
mp-554700,V2Zn3TeO10,2.8675,2.96,4,Matbench_expt
mp-1216491,V3As2O9,1.2701,0.76,3,Matbench_expt
mp-1216962,V3Bi(PbO4)3,2.6886,2.5,4,Matbench_expt
mp-3762,VCu3S4,1.0358,1.0,3,Matbench_expt
mp-1195697,VGa(TeO4)2,2.8924000000000003,3.0,4,Matbench_expt
mp-1105584,VZn2BiO6,2.7248,2.4,4,Matbench_expt
mp-1216202,Y(CuSe)3,1.1817,0.88,3,Matbench_expt
mp-1216225,Y(CuTe)3,0.7632000000000001,0.72,3,Matbench_expt
mp-541289,Y2S3,1.5992000000000002,2.9,2,Matbench_expt
mp-1216132,Y6Zn(SiS7)2,2.0178,2.38,4,Matbench_expt
mp-2918,YCuO2,2.647,3.5,3,Matbench_expt
mp-15776,Zn(GaSe2)2,1.400099999999999,1.72,3,Matbench_expt
mp-1215701,Zn2InCuTe4,1.1334,1.05,4,Matbench_expt
mp-1191333,Zn2MoSeO7,3.7131,4.2,4,Matbench_expt
mp-1192126,Zn2TeMoO7,3.4519,4.1,4,Matbench_expt
mp-557683,Zn3(BO3)2,2.7833,2.6,3,Matbench_expt
mp-1105527,ZnCu2GeS4,0.507799999999999,2.1,4,Matbench_expt
mp-1232332,ZnCu2SiSe4,0.5549000000000001,2.33,4,Matbench_expt
mp-1189914,ZnSi(AgS2)2,1.6859000000000002,3.28,4,Matbench_expt
mp-560717,Ag2CO3,0.7489999999999991,2.3,3,BandgapDatabase1
mp-27966,Ag2Mo2O7,1.9011,2.685,3,BandgapDatabase1
mp-556225,Ag2S,1.0853,1.09,2,BandgapDatabase1
mp-1192057,Ag2S2O7,2.301599999999999,2.24,3,BandgapDatabase1
mp-5625,Ag2SO4,1.2289,3.8,3,BandgapDatabase1
mp-504466,Ag2WO4,2.0439,2.925,3,BandgapDatabase1
mp-561620,Ag3AsS3,1.627799999999999,2.0835,3,BandgapDatabase1
mp-505145,Ag3BiO3,1.546999999999999,2.04,3,BandgapDatabase1
mp-555269,Ag3SbS3,1.5142,2.1125,3,BandgapDatabase1
mp-15645,Ag8SnS6,0.535099999999999,1.315,3,BandgapDatabase1
mp-2247,AgN3,1.5714,3.67,2,BandgapDatabase1
mp-552185,AgNO3,1.853899999999999,1.86,3,BandgapDatabase1
mp-3922,AgSbS2,1.3716,1.45,3,BandgapDatabase1
mp-29502,Al2Te3,1.854,2.5,2,BandgapDatabase1
mp-1214816,Al4SiC4,1.200899999999999,1.05,3,BandgapDatabase1
mp-1178577,AlFeO3,2.1792,2.44,3,BandgapDatabase1
mp-1550,AlP,1.6294,2.48,2,BandgapDatabase1
mp-2624,AlSb,1.2255,1.62,2,BandgapDatabase1
mp-1189572,As2S3,1.9873,2.3,2,BandgapDatabase1
mp-542570,AsSe,1.367999999999999,1.215,2,BandgapDatabase1
mp-947,Au2S,1.9091,1.8,2,BandgapDatabase1
mp-1199451,B2S3,2.5061,3.75,2,BandgapDatabase1
mp-1346,B6O,1.856399999999999,2.0,2,BandgapDatabase1
mp-629458,BC2N,1.661900000000001,1.7000000000000002,3,BandgapDatabase1
mp-691119,Bi14MoO24,2.6318,2.91,3,BandgapDatabase1
mp-23064,Bi2MoO6,2.129299999999999,2.66,3,BandgapDatabase1
mp-1201497,Bi2Pd(SeO3)4,1.7711,1.73,4,BandgapDatabase1
mp-1227335,Bi2Te2S,0.7519,0.92,3,BandgapDatabase1
mp-31406,Bi2TeSe2,0.9267,0.62,3,BandgapDatabase1
mp-23480,Bi2WO6,1.913999999999999,2.75,3,BandgapDatabase1
mp-1204598,Bi6Mo2O15,2.6683,3.1,3,BandgapDatabase1
mp-23018,BiSbO4,2.4246,2.85,3,BandgapDatabase1
mp-1227508,BiSbSe3,1.0106,1.1,3,BandgapDatabase1
mp-66,C,4.1145,3.15,1,BandgapDatabase1
mp-2718,C2N,3.118999999999999,1.82,2,BandgapDatabase1
mp-971684,C3N4,1.181499999999999,2.7,2,BandgapDatabase1
mp-995198,CO2,4.2235,2.2,2,BandgapDatabase1
mp-2232,CS2,3.4316,2.29,2,BandgapDatabase1
mp-28240,CSO,4.9077,3.35,3,BandgapDatabase1
mp-680761,Cd3(PO4)2,2.5482,4.95,3,BandgapDatabase1
mp-18179,Cd4SiS6,1.4382,2.5,3,BandgapDatabase1
mp-19803,CdIn2O4,0.9137,3.225,3,BandgapDatabase1
mp-19039,CdMoO4,2.4682,3.2,3,BandgapDatabase1
mp-2310,CdO2,1.2535,3.6,2,BandgapDatabase1
mp-913,CdP2,1.4556,0.81,2,BandgapDatabase1
mp-672,CdS,1.125,2.4,2,BandgapDatabase1
mp-8459,CdSO4,2.8625,2.34,3,BandgapDatabase1
mp-1070,CdSe,0.5724,1.74,2,BandgapDatabase1
mp-406,CdTe,0.5846,1.5,2,BandgapDatabase1
mp-555560,CdTeMoO6,3.189399999999999,3.25,4,BandgapDatabase1
mp-28290,CdTeO3,3.019,3.3,3,BandgapDatabase1
mp-1182128,CeVO4,0.734,1.8,3,BandgapDatabase1
mp-19264,Co3(PO4)2,2.9001,1.92,3,BandgapDatabase1
mp-22408,CoO,0.5880000000000001,2.45,2,BandgapDatabase1
mp-849770,CoPO4,1.0727,1.1,3,BandgapDatabase1
mp-1102443,CoSbS,0.5517999999999981,0.5,3,BandgapDatabase1
mp-752613,CoSnO3,0.9832,2.93,3,BandgapDatabase1
mp-1198962,CoTe6O13,2.716,3.3,3,BandgapDatabase1
mp-551806,CoTeMoO6,1.847299999999999,2.125,4,BandgapDatabase1
mp-616458,Cs2CO3,3.3306,1.8,3,BandgapDatabase1
mp-560216,Cs2GeP4O13,4.236700000000001,3.888,4,BandgapDatabase1
mp-7988,Cs2O,0.583199999999999,2.74,2,BandgapDatabase1
mp-13548,Cs2Pt,1.6743,1.5,2,BandgapDatabase1
mp-540703,Cs2S,2.0952,4.035,2,BandgapDatabase1
mp-1198053,Cs3Ag2Sb3S8,1.131599999999999,2.5,4,BandgapDatabase1
mp-505212,Cs3AuO,1.3261,2.35,3,BandgapDatabase1
mp-1195350,CsCdInTe3,1.2066,1.81,4,BandgapDatabase1
mp-5038,CsGaS2,3.0626,3.305,3,BandgapDatabase1
mp-1225936,CsHgSbSe3,1.0746,1.89,4,BandgapDatabase1
mp-12491,CsLaCdTe3,1.730099999999999,1.55,4,BandgapDatabase1
mp-1195822,CsNb2PSe10,0.8597999999999991,1.15,4,BandgapDatabase1
mp-505709,CsSmZnSe3,2.042399999999999,2.53,4,BandgapDatabase1
mp-1225854,CsTaWO6,3.1466,3.525,4,BandgapDatabase1
mp-8361,CsTe,1.0019,3.94,2,BandgapDatabase1
mp-504651,CsVO3,3.1105,2.14,3,BandgapDatabase1
mp-1225993,Cu2S,1.2158,1.21,2,BandgapDatabase1
mp-557373,Cu2WS4,1.5621,1.74,3,BandgapDatabase1
mp-607291,Cu3BiS3,0.7058,1.42,3,BandgapDatabase1
mp-17691,Cu3SbS3,0.9982999999999992,1.87,3,BandgapDatabase1
mp-559551,Cu4Bi4S9,0.972299999999999,0.915,3,BandgapDatabase1
mp-13872,Cu8SiS6,0.8296999999999991,0.97,3,BandgapDatabase1
mp-1096940,CuBO2,1.461399999999999,3.4,3,BandgapDatabase1
mp-983565,CuBSe2,1.487,2.315,3,BandgapDatabase1
mp-35308,CuCN,2.5202,3.26,3,BandgapDatabase1
mp-927,CuP2,0.8679000000000001,1.455,2,BandgapDatabase1
mp-1078469,CuPN2,1.822299999999998,1.67,3,BandgapDatabase1
mp-752425,Dy2Ti2O7,3.0572,3.1,3,BandgapDatabase1
mp-19381,DyCrO3,2.4922,2.8,3,BandgapDatabase1
mp-18601,DyMn2O5,1.0799,1.61,3,BandgapDatabase1
mp-1188804,DyMnO3,1.0173,3.73,3,BandgapDatabase1
mp-18784,DyVO4,2.9764,2.215,3,BandgapDatabase1
mp-19319,ErMnO3,1.0455,1.6,3,BandgapDatabase1
mp-18960,ErVO4,2.9661,3.41,3,BandgapDatabase1
mp-1271821,Fe3O4,1.0229,1.82,2,BandgapDatabase1
mp-19097,FeBO3,1.481599999999999,2.35,3,BandgapDatabase1
mp-505526,FeMoO4,2.037,2.725,3,BandgapDatabase1
mp-1274279,FeO,1.8157,2.0,2,BandgapDatabase1
mp-570553,FeP4,0.8049000000000001,0.88,2,BandgapDatabase1
mp-753395,FePO4,1.3564,2.445,3,BandgapDatabase1
mp-2931287,FePS3,0.5063999999999991,3.14,3,BandgapDatabase1
mp-1522,FeS2,0.8770000000000001,0.95,2,BandgapDatabase1
mp-19254,FeSO4,2.7173,1.03,3,BandgapDatabase1
mp-27904,FeSbS,0.547,0.8,3,BandgapDatabase1
mp-1714,FeSi2,0.6966000000000001,0.88,2,BandgapDatabase1
mp-886,Ga2O3,2.007799999999999,4.8,2,BandgapDatabase1
mp-1340,Ga2Se3,1.043599999999999,2.29,2,BandgapDatabase1
mp-38970,Ga2Te3,0.6375000000000001,1.65,2,BandgapDatabase1
mp-804,GaN,1.726499999999999,3.4,2,BandgapDatabase1
mp-568263,GaSe,1.2121,2.0,2,BandgapDatabase1
mp-778228,Gd2(WO4)3,3.8025,3.3,3,BandgapDatabase1
mp-686465,Gd2Ti2O7,2.408899999999999,3.2,3,BandgapDatabase1
mp-757233,Gd2Zr2O7,2.8082000000000003,2.68,3,BandgapDatabase1
mp-18331,GdCrO3,2.6309,3.2,3,BandgapDatabase1
mp-4875,GdTaO4,3.3217,0.8,3,BandgapDatabase1
mp-22024,GdVO4,2.9685,3.1,3,BandgapDatabase1
mp-1198022,Ge,1.1428,0.7,1,BandgapDatabase1
mp-672289,Ge3N4,2.064,2.595,2,BandgapDatabase1
mp-1002164,GeC,1.658099999999999,2.09,2,BandgapDatabase1
mp-1078667,GeH4,1.142199999999999,1.51,2,BandgapDatabase1
mp-2242,GeS,1.237599999999999,1.69,2,BandgapDatabase1
mp-572892,GeS2,2.2646,3.71,2,BandgapDatabase1
mp-540625,GeSe2,1.7063,2.03,2,BandgapDatabase1
mp-684704,H2O,4.7589,1.6,2,BandgapDatabase1
mp-28015,H2O2,4.4853,1.75,2,BandgapDatabase1
mp-696805,H2S,4.3246,0.5037,2,BandgapDatabase1
mp-29530,H2WO4,1.4761,2.63,3,BandgapDatabase1
mp-510458,HCN,3.616,0.68,3,BandgapDatabase1
mp-1190216,HCNO,4.6665,3.68,4,BandgapDatabase1
mp-995234,HCO,4.3277,3.26,3,BandgapDatabase1
mp-1224772,HNO3,3.8657,3.75,3,BandgapDatabase1
mp-776470,Hf3N4,1.2648,0.815,2,BandgapDatabase1
mp-1102429,HfN2,1.188099999999999,1.335,2,BandgapDatabase1
mp-9922,HfS3,1.1326,2.2,2,BandgapDatabase1
mp-812,Ho2O3,3.9457999999999993,2.84,2,BandgapDatabase1
mp-5280,In2Ge2O7,1.7955,4.43,3,BandgapDatabase1
mp-612740,In2Se3,0.9903,1.3250000000000002,2,BandgapDatabase1
mp-669311,In7Te10,0.8223,1.75,2,BandgapDatabase1
mp-1223642,InGaP2,0.5607000000000001,1.84,3,BandgapDatabase1
mp-966800,InP,0.527999999999999,1.35,2,BandgapDatabase1
mp-1212067,InSbO4,0.9405999999999992,4.05,3,BandgapDatabase1
mp-22691,InSe,0.6375000000000001,1.39,2,BandgapDatabase1
mp-1224229,K10Zn4Sn4S17,2.1377,3.1500000000000004,4,BandgapDatabase1
mp-570887,K2Ag2SnSe4,0.8472000000000001,1.8,4,BandgapDatabase1
mp-28800,K2Bi8Se13,0.8361000000000001,0.53,3,BandgapDatabase1
mp-3963,K2CO3,3.649,4.9,3,BandgapDatabase1
mp-27742,K2CdO2,1.3562,3.36,3,BandgapDatabase1
mp-554343,K2CuSbS3,1.2062,2.2,4,BandgapDatabase1
mp-637680,K2Mo4O13,2.992,1.9,3,BandgapDatabase1
mp-8624,K2Sn2O3,1.3022,2.75,3,BandgapDatabase1
mp-1024073,K2Sn3O7,1.5671,3.325,3,BandgapDatabase1
mp-1195471,K2Ta4O11,3.3655,4.15,3,BandgapDatabase1
mp-1194282,K2Ti4O9,3.0211,3.4,3,BandgapDatabase1
mp-8065,K2Ti6O13,2.7535,3.45,3,BandgapDatabase1
mp-18449,K2ZrO3,3.6617,4.18,3,BandgapDatabase1
mp-559489,K2ZrSi2O7,4.524699999999999,4.95,4,BandgapDatabase1
mp-557543,K3LuSi2O7,3.6132,5.0,4,BandgapDatabase1
mp-15148,K4Nb2S11,1.4656,1.96,3,BandgapDatabase1
mp-560692,K4Nb6O17,2.6581,3.2,3,BandgapDatabase1
mp-18664,K4Ta2S11,1.7377999999999991,2.385,3,BandgapDatabase1
mp-1223463,KCNO,4.689599999999999,3.26,4,BandgapDatabase1
mp-2423265,KCoO2,1.3214,1.0,3,BandgapDatabase1
mp-1192531,KCu2SbS3,0.9539,1.53,4,BandgapDatabase1
mp-1211763,KGdTiO4,2.1484,3.04,4,BandgapDatabase1
mp-568379,KInSnSe4,1.7413,1.8,4,BandgapDatabase1
mp-540962,KLa(PO3)4,4.8558,4.905,4,BandgapDatabase1
mp-19046,KMnO4,2.081099999999999,1.04,3,BandgapDatabase1
mp-8755,KNaTe,1.9491,2.12,3,BandgapDatabase1
mp-1195772,KNb2PSe10,0.817299999999999,1.15,4,BandgapDatabase1
mp-27998,KNb3O8,2.4752,4.1,3,BandgapDatabase1
mp-31001,KSb3O5,3.1826,3.81,3,BandgapDatabase1
mp-15559,KSb5S8,1.591599999999999,1.745,3,BandgapDatabase1
mp-547792,KSbO3,2.6808,4.76,3,BandgapDatabase1
mp-27716,KTlO,1.1638,1.46,3,BandgapDatabase1
mp-638261,La2GeO5,4.021000000000001,4.873,3,BandgapDatabase1
mp-1223253,La2MnNiO6,1.580499999999999,1.133,4,BandgapDatabase1
mp-1105399,La2MoO5,0.5206000000000001,0.55,3,BandgapDatabase1
mp-560340,La2Pd2O5,1.179,1.342,3,BandgapDatabase1
mp-32798,La2Se3,1.58,1.97,2,BandgapDatabase1
mp-4547,La2TeO2,2.028699999999999,2.5,3,BandgapDatabase1
mp-555253,La5Ti2AgS5O7,1.5072,2.05,5,BandgapDatabase1
mp-559474,La5Ti2CuS5O7,1.2107,1.9,5,BandgapDatabase1
mp-1080060,LaAlO3,3.7121,5.0,3,BandgapDatabase1
mp-8216,LaBO3,4.500700000000001,1.67,3,BandgapDatabase1
mp-1211317,LaBWO6,3.8287,4.1,4,BandgapDatabase1
mp-1288145,LaCoO3,0.9497,2.1,3,BandgapDatabase1
mp-19281,LaCrO3,2.3706,1.33,3,BandgapDatabase1
mp-1078634,LaFeO3,1.950899999999999,2.1,3,BandgapDatabase1
mp-1212633,LaGaGe2O7,3.1959,3.3,4,BandgapDatabase1
mp-1180700,LaMnO3,1.1014,1.7,3,BandgapDatabase1
mp-567290,LaN,1.1169,0.6,2,BandgapDatabase1
mp-3962,LaPO4,4.486000000000001,4.96,3,BandgapDatabase1
mp-1019967,LaSi3N5,3.099299999999999,3.915,3,BandgapDatabase1
mp-14485,LaTa7O19,3.1119,4.14,3,BandgapDatabase1
mp-19162,LaVO4,2.8563,2.69,3,BandgapDatabase1
mp-989524,LaWN3,1.2096,1.5405,3,BandgapDatabase1
mp-1200447,LaYS3,0.7897999999999991,1.9,3,BandgapDatabase1
mp-1193501,Li2Fe(SO4)2,4.2848,5.0,4,BandgapDatabase1
mp-18968,Li2FeSiO4,3.123599999999999,3.15,4,BandgapDatabase1
mp-2724101,Li2HfO3,4.0573,0.5,3,BandgapDatabase1
mp-18988,Li2MnO3,1.368399999999999,1.89,3,BandgapDatabase1
mp-559240,Li2MnSiO4,2.176599999999999,3.0,4,BandgapDatabase1
mp-1960,Li2O,4.8986,3.24,2,BandgapDatabase1
mp-841,Li2O2,1.974299999999999,4.5,2,BandgapDatabase1
mp-1153,Li2S,3.3862,3.3595,2,BandgapDatabase1
mp-1190364,Li2SnS3,1.419099999999999,2.14,3,BandgapDatabase1
mp-1095291,Li2SnSe3,1.479699999999999,1.95,3,BandgapDatabase1
mp-2931,Li2TiO3,3.0338,3.3,3,BandgapDatabase1
mp-27130,Li2W2O7,3.7425,4.35,3,BandgapDatabase1
mp-19260,Li2WO4,3.968,4.175,3,BandgapDatabase1
mp-4156,Li2ZrO3,3.7336,4.74,3,BandgapDatabase1
mp-13944,Li3AlN2,3.162099999999999,4.4,3,BandgapDatabase1
mp-684504,Li3Bi2(PO4)3,4.0294,3.5,4,BandgapDatabase1
mp-3887,Li3GaN2,2.738699999999999,4.275,3,BandgapDatabase1
mp-2251,Li3N,0.984,1.115,2,BandgapDatabase1
mp-31488,Li3NbO4,3.8385,4.0,3,BandgapDatabase1
mp-2074,Li3Sb,0.707399999999999,1.0,2,BandgapDatabase1
mp-6565,Li3Sc2(PO4)3,4.7568,4.681,4,BandgapDatabase1
mp-6396,Li3V2(PO4)3,1.8718999999999992,2.725,4,BandgapDatabase1
mp-19219,Li3VO4,4.0337,3.9,3,BandgapDatabase1
mp-685194,Li4Ti5O12,2.7202,2.0,3,BandgapDatabase1
mp-9172,Li4TiO4,4.5573,4.64,3,BandgapDatabase1
mp-19511,Li5FeO4,3.0845,4.0,3,BandgapDatabase1
mp-686208,Li5SiN3,2.159999999999999,2.51,3,BandgapDatabase1
mp-27767,Li6Si2O7,4.995699999999999,4.94,3,BandgapDatabase1
mp-1222860,Li7Mn(BO3)3,3.5681000000000003,5.0,4,BandgapDatabase1
mp-641703,Li7P3S11,2.4883,3.065,3,BandgapDatabase1
mp-4604,Li7VN4,3.035199999999999,1.4,3,BandgapDatabase1
mp-28549,Li8SiO6,4.4509,4.745,3,BandgapDatabase1
mp-755225,Li8ZrO6,4.7984,4.74,3,BandgapDatabase1
mp-27653,LiAlH4,4.7457,4.67,3,BandgapDatabase1
mp-22526,LiCoO2,0.6623,2.7,3,BandgapDatabase1
mp-758022,LiCoPO4,3.2415,3.4,4,BandgapDatabase1
mp-1407369,LiCuS,1.5952000000000002,2.0,3,BandgapDatabase1
mp-21735,LiFe5O8,1.3685,1.765,3,BandgapDatabase1
mp-777049,LiFeBO3,3.1615,3.4,4,BandgapDatabase1
mp-19017,LiFePO4,3.922399999999999,3.75,4,BandgapDatabase1
mp-758562,LiFeSiO4,2.9822,2.9,4,BandgapDatabase1
mp-3647,LiGaS2,2.9608,3.635,3,BandgapDatabase1
mp-11582,LiGaSe2,2.0656,3.34,3,BandgapDatabase1
mp-8491,LiInP2O7,3.9726,4.6,4,BandgapDatabase1
mp-1176656,LiMn2O4,1.052299999999999,1.43,3,BandgapDatabase1
mp-19131,LiMnBO3,2.563599999999999,3.05,4,BandgapDatabase1
mp-18997,LiMnPO4,3.411499999999999,2.0,4,BandgapDatabase1
mp-2659,LiN3,3.6364,3.4,2,BandgapDatabase1
mp-3368,LiNb3O8,3.017,3.9,3,BandgapDatabase1
mp-3924,LiNbO2,1.579499999999999,3.16,3,BandgapDatabase1
mp-570363,LiSi,1.3839,0.755,2,BandgapDatabase1
mp-755231,LiTeO3,2.1534,2.0,3,BandgapDatabase1
mp-1222368,LiVMoO6,2.7403,2.505,4,BandgapDatabase1
mp-11175,LiZnPS4,2.731199999999999,3.44,4,BandgapDatabase1
mp-10499,LiZr2(PO4)3,4.253299999999999,3.5,4,BandgapDatabase1
mp-644492,LuNbO4,3.3974,4.207000000000001,3,BandgapDatabase1
mp-567968,Mn11Si19,0.8562999999999991,0.73,2,BandgapDatabase1
mp-19142,Mn2V2O7,1.204,1.8,3,BandgapDatabase1
mp-18759,Mn3O4,0.8134999999999991,2.3,2,BandgapDatabase1
mp-755882,MnAl2O4,2.6578,2.21,3,BandgapDatabase1
mp-18814,MnCO3,3.2291,3.104,3,BandgapDatabase1
mp-19455,MnMoO4,1.409699999999999,1.96,3,BandgapDatabase1
mp-1105127,MnP4,0.5335999999999991,0.53,2,BandgapDatabase1
mp-1201691,MnTe6O13,2.3901,3.2,3,BandgapDatabase1
mp-2490654,MnV2O6,1.8528,1.93,3,BandgapDatabase1
mp-19407,MnWO4,2.356299999999999,2.69,3,BandgapDatabase1
mp-754318,MnZnO3,1.7946,2.18,3,BandgapDatabase1
mp-1047075,MoO2,1.315599999999999,1.89,2,BandgapDatabase1
mp-715584,MoO3,1.834299999999999,3.0,2,BandgapDatabase1
mp-1434,MoS2,1.2042,1.78,2,BandgapDatabase1
mp-1239169,MoS3,0.7267,1.5,2,BandgapDatabase1
mp-1180473,N2O,4.7431,0.59,2,BandgapDatabase1
mp-1201027,Na2CO3,4.1922,2.9,3,BandgapDatabase1
mp-19080,Na2Mn3O7,1.405699999999999,1.24,3,BandgapDatabase1
mp-18852,Na2MoO4,4.3983,4.37,3,BandgapDatabase1
mp-2352,Na2O,1.8736,1.53,2,BandgapDatabase1
mp-2340,Na2O2,1.7361,4.84,2,BandgapDatabase1
mp-4199,Na2S2O3,4.0764,0.98,3,BandgapDatabase1
mp-4770,Na2SO4,4.9903,1.6,3,BandgapDatabase1
mp-3193,Na2Si2O5,4.4712,4.22,3,BandgapDatabase1
mp-4533,Na2SiO3,3.8657,4.0,3,BandgapDatabase1
mp-3285,Na2Ta4O11,3.4629,3.3,3,BandgapDatabase1
mp-553969,Na2Te3Mo3O16,2.6404,2.22,4,BandgapDatabase1
mp-32533,Na2W4O13,1.808499999999999,2.95,3,BandgapDatabase1
mp-561083,Na3Bi(PO4)2,4.2446,3.54,4,BandgapDatabase1
mp-2715259,Na3La2(PO4)3,4.4521,3.86,4,BandgapDatabase1
mp-473,Na3P11,1.623899999999999,0.77,2,BandgapDatabase1
mp-674333,Na3PO4,3.9187,2.2,3,BandgapDatabase1
mp-28782,Na3PS4,2.291899999999999,2.3,3,BandgapDatabase1
mp-776557,Na3V2(PO4)3,1.9166,1.867,4,BandgapDatabase1
mp-29628,Na4SnS4,2.078,3.32,3,BandgapDatabase1
mp-23704,NaAlH4,4.6666,4.8,3,BandgapDatabase1
mp-984519,NaAsSe2,1.4318,1.73,3,BandgapDatabase1
mp-1210092,NaBi(MoO4)2,2.8545,3.1,4,BandgapDatabase1
mp-1220818,NaBi(WO4)2,3.4038,3.02,4,BandgapDatabase1
mp-23054,NaBiO3,1.096399999999999,2.45,3,BandgapDatabase1
mp-1221125,NaBiS2,1.446899999999999,1.21,3,BandgapDatabase1
mp-5693,NaCrS2,0.9908999999999992,0.89,3,BandgapDatabase1
mp-20678,NaIn(WO4)2,3.4845,3.69,4,BandgapDatabase1
mp-5175,NaInO2,1.9142,3.9,3,BandgapDatabase1
mp-1220785,NaLaTi2O6,2.0801,3.28,4,BandgapDatabase1
mp-8452,NaLiS,2.264199999999999,2.9,3,BandgapDatabase1
mp-4531,NaNO3,2.9451,2.92,3,BandgapDatabase1
mp-623854,NaNb3O8,2.4842,2.535,3,BandgapDatabase1
mp-3744,NaNbO2,1.378099999999999,1.5,3,BandgapDatabase1
mp-4514,NaNbO3,2.5048,3.265,3,BandgapDatabase1
mp-7440,NaP,0.8684000000000001,2.0340000000000003,2,BandgapDatabase1
mp-8830,NaRhO2,1.377399999999999,1.33,3,BandgapDatabase1
mp-5414,NaSbS2,0.8857,1.71,3,BandgapDatabase1
mp-1220879,NaSbSe2,0.6374999999999991,1.48,3,BandgapDatabase1
mp-29529,NaSnP,0.5826,1.19,3,BandgapDatabase1
mp-19083,NaVO3,3.2386,2.495,3,BandgapDatabase1
mp-569571,Nb3Sb2Te5,0.844599999999999,0.9,3,BandgapDatabase1
mp-9437,NbFeSb,0.513799999999999,0.53,3,BandgapDatabase1
mp-18899,Nd2MnNiO6,1.457199999999999,1.02,4,BandgapDatabase1
mp-17904,Nd2TiO5,3.313799999999999,3.0,3,BandgapDatabase1
mp-5977,Nd2Zr2O7,3.3281,3.75,3,BandgapDatabase1
mp-20407,NdFeO3,1.7349,3.8,3,BandgapDatabase1
mp-3196,NdGaO3,3.452499999999999,2.653,3,BandgapDatabase1
mp-20852,NdMnO3,1.898,3.02,3,BandgapDatabase1
mp-754654,NiSnO3,1.7717,3.75,3,BandgapDatabase1
mp-562065,PO2,4.5183,2.46,2,BandgapDatabase1
mp-19921,PbO,1.4635999999999991,2.75,2,BandgapDatabase1
mp-1180019,PbO2,0.6955,1.45,2,BandgapDatabase1
mp-1057015,PbS,0.5555,0.7,2,BandgapDatabase1
mp-504591,PbWO4,2.9475,3.81,3,BandgapDatabase1
mp-1120759,PdSe2,1.3767,1.0750000000000002,2,BandgapDatabase1
mp-545482,PdSeO3,1.0589,2.75,3,BandgapDatabase1
mp-1209751,Pr2MnNiO6,1.6564,1.0,4,BandgapDatabase1
mp-16705,Pr2O3,3.8059,3.9,2,BandgapDatabase1
mp-4394,Pr2Sn2O7,2.6358,4.19,3,BandgapDatabase1
mp-15201,Pr2Ti2O7,2.972899999999999,2.7,3,BandgapDatabase1
mp-3466,PrAlO3,4.1325,3.8,3,BandgapDatabase1
mp-1105822,PrCrO3,2.0419,3.2,3,BandgapDatabase1
mp-1095618,PtN2,1.3251,1.06,2,BandgapDatabase1
mp-1115,PtSe2,0.6193000000000001,1.2,2,BandgapDatabase1
mp-1201494,Rb2Th7Se15,1.3442999999999992,1.83,3,BandgapDatabase1
mp-557089,Rb2Zn3(P2O7)2,4.1684,4.39,4,BandgapDatabase1
mp-571164,Rb3AgSn3Se8,1.3666,1.8,4,BandgapDatabase1
mp-560459,Rb3Al2(PO4)3,4.4183,4.855,4,BandgapDatabase1
mp-14577,Rb4Ta2S11,1.7792,2.58,3,BandgapDatabase1
mp-31309,RbInSe2,1.646199999999999,2.0,3,BandgapDatabase1
mp-541600,RbLaTa2O7,2.2853,3.81,4,BandgapDatabase1
mp-1192452,RbNb2PSe10,0.912999999999999,1.15,4,BandgapDatabase1
mp-999265,RbYS2,2.3166,4.0,3,BandgapDatabase1
mp-1716,Rh2O3,0.5597000000000001,1.2,2,BandgapDatabase1
mp-1008785,RuO2,0.6072000000000001,2.3,2,BandgapDatabase1
mp-77,S,2.7125,1.51,1,BandgapDatabase1
mp-27726,SO2,2.8368,1.8695,2,BandgapDatabase1
mp-1423059,SbN,1.110999999999999,2.87,2,BandgapDatabase1
mp-3439,SbPO4,4.002099999999999,4.385,3,BandgapDatabase1
mp-1179114,ScO2,0.5864,1.3,2,BandgapDatabase1
mp-4200,ScPO4,4.193899999999999,4.255000000000001,3,BandgapDatabase1
mp-570481,Se,1.7696,1.5,1,BandgapDatabase1
mp-726,SeO2,3.2874,4.77,2,BandgapDatabase1
mp-988,Si3N4,4.2503,5.0,2,BandgapDatabase1
mp-1204356,SiC,1.8389,2.5,2,BandgapDatabase1
mp-1192532,SiH2,4.0154,1.15,2,BandgapDatabase1
mp-21723,SiPbO3,3.1904999999999992,0.9,3,BandgapDatabase1
mp-1602,SiS2,3.1072,2.95,2,BandgapDatabase1
mp-776110,SiSnO3,2.6768,3.1,3,BandgapDatabase1
mp-4408,Sm2Zr2O7,3.0741,2.9,3,BandgapDatabase1
mp-1509,Sn2S3,0.7774000000000001,1.175,2,BandgapDatabase1
mp-17835,Sn2Sb2S5,0.785099999999999,1.47,3,BandgapDatabase1
mp-1104544,Sn3O4,0.9344999999999992,2.43,2,BandgapDatabase1
mp-1009820,SnC,0.6257,2.1,2,BandgapDatabase1
mp-27488,Ta3N5,1.214099999999999,2.1,2,BandgapDatabase1
mp-683983,TaO2,0.77,1.0,2,BandgapDatabase1
mp-1217269,TeSe2,0.6533000000000001,2.392,2,BandgapDatabase1
mp-643,ThO2,4.4187,3.94,2,BandgapDatabase1
mp-759307,TiNb2O7,2.1357,2.91,3,BandgapDatabase1
mp-5214,TiTe3O8,2.7479,3.37,3,BandgapDatabase1
mp-27484,Tl2O,0.5717000000000001,1.0,2,BandgapDatabase1
mp-29711,Tl2Te3,0.638899999999999,0.68,2,BandgapDatabase1
mp-22566,TlInS2,0.6884,2.4,3,BandgapDatabase1
mp-27411,TlP5,1.184899999999999,2.02,2,BandgapDatabase1
mp-28230,TlSbS2,1.6594000000000002,1.68,3,BandgapDatabase1
mp-375,UO3,1.634999999999999,4.0,2,BandgapDatabase1
mp-780654,V2O3,0.620899999999999,0.7,2,BandgapDatabase1
mp-25279,V2O5,2.161,2.3,2,BandgapDatabase1
mp-555597,V4O7,0.5857,0.8,2,BandgapDatabase1
mp-541404,VO2,0.7584000000000001,0.7,2,BandgapDatabase1
mp-541155,VS4,0.9239,1.0,2,BandgapDatabase1
mp-2383161,WO3,1.3585,2.7,2,BandgapDatabase1
mp-769396,Y2Ge2O7,3.1753,3.8,3,BandgapDatabase1
mp-768814,Y2GeO5,3.5881,4.0,3,BandgapDatabase1
mp-5373,Y2Ti2O7,2.7208,2.75,3,BandgapDatabase1
mp-4704,Y3Fe5O12,1.9136,2.6,3,BandgapDatabase1
mp-1029652,Y3Si6N11,3.047499999999999,3.94,3,BandgapDatabase1
mp-11321,Y3TaO7,3.5002,4.6,3,BandgapDatabase1
mp-1237135,Y6MoO12,2.1663,3.05,3,BandgapDatabase1
mp-12903,YAgTe2,0.8975000000000001,1.36,3,BandgapDatabase1
mp-18725,YCrO3,2.4831,1.86,3,BandgapDatabase1
mp-1100868,YCuTe2,0.6041999999999991,0.6,3,BandgapDatabase1
mp-20783,YFeO3,1.5605,2.375,3,BandgapDatabase1
mp-5387,YNbO4,3.497499999999999,4.3,3,BandgapDatabase1
mp-19133,YVO4,2.976,3.6,3,BandgapDatabase1
mp-546011,YZnAsO,1.2015,1.1731,4,BandgapDatabase1
mp-772617,Zn(NO3)2,3.4277,3.75,3,BandgapDatabase1
mp-5909,Zn2GeO4,2.2752,4.5,3,BandgapDatabase1
mp-1094040,Zn2In2O5,0.571299999999999,2.9,3,BandgapDatabase1
mp-3789,Zn2SiO4,2.7537000000000003,4.955,3,BandgapDatabase1
mp-35493,Zn2SnO4,0.8250999999999991,3.6,3,BandgapDatabase1
mp-557920,Zn3(PO4)2,3.4214,3.43,3,BandgapDatabase1
mp-863430,Zn3In2O6,0.656099999999999,3.0,3,BandgapDatabase1
mp-29461,Zn3Mo2O9,3.1649,2.86,3,BandgapDatabase1
mp-1207473,ZnC2,2.707799999999999,3.8,2,BandgapDatabase1
mp-9812,ZnCO3,3.5639000000000003,3.34,3,BandgapDatabase1
mp-1048859,ZnCr2O4,1.315,3.35,3,BandgapDatabase1
mp-756297,ZnIn2O4,1.179099999999999,1.23,3,BandgapDatabase1
mp-1095420,ZnMoO4,2.300799999999999,3.62,3,BandgapDatabase1
mp-2133,ZnO,0.7227,3.33,2,BandgapDatabase1
mp-8484,ZnO2,2.1576,3.6,2,BandgapDatabase1
mp-11025,ZnP2,1.4617,1.75,2,BandgapDatabase1
mp-3342,ZnPS3,1.98,2.6,3,BandgapDatabase1
mp-554820,ZnS,2.0195,3.65,2,BandgapDatabase1
mp-1190,ZnSe,1.1663,2.7,2,BandgapDatabase1
mp-5338,ZnSeO3,3.9227,2.66,3,BandgapDatabase1
mp-1020712,ZnSiN2,3.1944,3.875,3,BandgapDatabase1
mp-4175,ZnSnP2,0.704299999999999,1.3199999999999998,3,BandgapDatabase1
mp-2176,ZnTe,1.073299999999999,2.26,2,BandgapDatabase1
mp-277,Zr3N4,0.970499999999999,1.6,2,BandgapDatabase1
mp-9921,ZrS3,1.113299999999999,2.07,2,BandgapDatabase1
mp-4820,ZrSiO4,4.1495,4.0,3,BandgapDatabase1
mp-753891,ZrTiO4,2.8427,3.5,3,BandgapDatabase1
mp-2657,TiO2,1.7719,3.02,2,DS2
mp-32777,WO3,1.2338,2.76,2,DS2
mp-619461,WO3,1.3712,2.73,2,DS2
mp-23195,Bi2O3,1.6693,2.5,2,DS2
mp-1188267,Bi2O3,2.5954,2.98,2,DS2
mp-22443,VInO4,2.9806,2.0,3,DS2
mp-19785,HoFeO3,1.5029,2.07,3,DS2
mp-18966,FeAgO2,1.1606,1.7000000000000002,3,DS2
mp-28144,SiBi2O5,2.9032,3.4,3,DS2
mp-3748,AlCuO2,1.8709,3.87,3,DS2
mp-16882,ZnMoO4,3.5646,3.9,3,DS2
mp-2469,CdS,1.0453,2.14,2,DS2
mp-23506,VBiO4,2.3331,2.49,3,DS2
mp-23423,Bi2MoO6,2.5896,3.1,3,DS2
mp-21459,InAgS2,0.5107,1.91,3,DS2
mp-5238,GaCuS2,0.7026,2.39,3,DS2
mp-559200,Cd(InS2)2,1.463,2.05,3,DS2
mp-2815,MoS2,1.4649,2.88,2,DS2
mp-581217,Cs2Nb4O11,2.9879,3.7,3,DS2
mp-22410,PbWO4,3.6169,3.7,3,DS2
mp-9595,NbInO4,3.0647,2.5,3,DS2
mp-8979,TaInO4,3.5828,2.6,3,DS2
mp-17844,SnWO4,3.8374,2.68,3,DS2
mp-19313,Zn(FeO2)2,1.6943,1.89,3,DS2
mp-2691,CdSe,0.5095000000000001,1.72,2,DS2
mp-19853,TbFeO3,1.6324,1.98,3,DS2
mp-5449,Na2Ti6O13,2.9374,3.18,3,DS2
mp-1105788,SmCrO3,2.4814,2.66,3,DS2
mp-18751,Mn2ZnO4,0.947,2.12,3,DS2
mp-23356,Bi4B2O9,3.0542,3.02,3,DS2
mp-1078295,NaNbO3,3.8678,3.08,3,DS2
mp-552676,LaFeO3,1.0423,2.01,3,DS2
mp-22590,LaFeO3,1.4358,2.1,3,DS2
mp-9890,TaAgO3,1.9511,3.44,3,DS2
mp-5537,NbAgO3,1.7919,2.78,3,DS2
mp-559736,VAgO3,1.6427,1.97,3,DS2
mp-571195,ZnTe,1.0679,2.26,2,DS2
mp-5342,GaAgS2,0.9622,1.66,3,DS2
mp-3668,CdGeP2,0.6477,1.8,3,DS2
mp-22304,Cd(InSe2)2,1.399,1.82,3,DS2
mp-8016,AlCuSe2,0.8932,2.65,3,DS2
mp-4280,GaCuO2,0.8312,3.6,3,DS2
mp-830,GaN,1.9046,3.3,2,DS2
mp-19765,In2HgTe4,1.0161,0.86,3,DS2
mp-22323,In2O3,0.9589,3.02,2,DS2
mp-5350,Zn(GaS2)2,2.2765,3.4,3,DS2
mp-22607,Zn(InSe2)2,1.4557,2.0,3,DS2
mp-610517,Ag2S,0.9339,0.85,2,DS2
mp-4431,Ag3AsS3,1.4941,2.133,3,DS2
mp-4515,Ag3SbS3,1.3701,1.93,3,DS2
mp-11794,AgAlO2,0.8588,2.952,3,DS2
mp-641,As2S3,2.1971,2.6,2,DS2
mp-160,B,1.5219,2.0,1,DS2
mp-30200,Bi2O2CO3,1.1016,3.42,4,DS2
mp-5928,CdAl2S4,2.7413,3.577,3,DS2
mp-13949,CdGa2Te4,1.46,1.445,3,DS2
mp-568032,CdIn2Se4,1.6825,1.55,3,DS2
mp-7904,CdP4,0.5257000000000001,1.15,2,DS2
mp-977414,Cu2ZnSiS4,1.2823,2.97,4,DS2
mp-569715,CuBiP2Se6,0.6922,1.2,4,DS2
mp-20072,CuLaO2,2.5664,2.34,3,DS2
mp-4636,CuScO2,2.3167,3.3,3,DS2
mp-1943,GaSe,1.2477,2.103,2,DS2
mp-17524,GeAs2,0.7206,1.06,2,DS2
mp-634,HgS,1.7241,2.03,2,DS2
mp-11131,K2Hg3Ge2S8,2.0282,2.7,4,DS2
mp-7060,LaZnPO,0.653,1.7000000000000002,4,DS2
mp-20310,LiInSe2,1.6262,3.01,3,DS2
mp-602,MoTe2,1.1197,1.03,2,DS2
mp-561075,Na2CdSnS4,1.9251,1.52,4,DS2
mp-15724,Na2KSb,0.668,1.0,3,DS2
mp-561303,NaSbP2S6,2.1561,2.25,4,DS2
mp-1999,Sb2O3,3.4139,4.0,2,DS2
mp-8062,SiC,1.5936,2.4161,2,DS2
mp-7140,SiC,2.3029,3.33,2,DS2
mp-11714,SiC,2.3298,3.2,2,DS2
mp-7631,SiC,2.1121,2.86,2,DS2
mp-4165,TaON,1.9835,2.4,3,DS2
mp-557,TeO2,2.8956,3.5,2,DS2
mp-558747,TlTiPS5,1.1772,1.3,4,DS2
mp-4842,ZnAl2S4,2.6027,3.5,3,DS2
mp-1392,ZnP2,0.748,1.42,2,DS2
mp-560588,ZnS,2.0776,3.91,2,DS2
